-- MySQL Script generated by MySQL Workbench
-- Mon Dec 19 22:25:33 2022
-- Model: New Model    Version: 1.0
-- MySQL Workbench Forward Engineering

SET @OLD_UNIQUE_CHECKS=@@UNIQUE_CHECKS, UNIQUE_CHECKS=1;

SET @OLD_FOREIGN_KEY_CHECKS=@@FOREIGN_KEY_CHECKS, FOREIGN_KEY_CHECKS=1;

SET @OLD_SQL_MODE=@@SQL_MODE, SQL_MODE='ONLY_FULL_GROUP_BY,STRICT_TRANS_TABLES,NO_ZERO_IN_DATE,NO_ZERO_DATE,ERROR_FOR_DIVISION_BY_ZERO,NO_ENGINE_SUBSTITUTION';

-- -----------------------------------------------------
-- Schema mydb
-- -----------------------------------------------------
-- -----------------------------------------------------
-- Schema bong_da
-- -----------------------------------------------------

-- -----------------------------------------------------
-- Schema bong_da
-- -----------------------------------------------------
CREATE SCHEMA IF NOT EXISTS `BONG_DA` DEFAULT CHARACTER SET UTF8MB4 COLLATE UTF8MB4_0900_AI_CI;

USE `BONG_DA`;

-- -----------------------------------------------------
-- Table `bong_da`.`DOI_BONG`
-- -----------------------------------------------------
CREATE TABLE IF NOT EXISTS `BONG_DA`.`DOI_BONG` (
  `ID_DOI_BONG` INT NOT NULL AUTO_INCREMENT,
  `TEN_DB` VARCHAR(60) NOT NULL,
  `SAN_NHA` VARCHAR(60) NOT NULL,
  `LOGO` VARCHAR(300) NULL,
  PRIMARY KEY (`ID_DOI_BONG`)
) ENGINE = INNODB;

-- -----------------------------------------------------
-- Table `bong_da`.`GIAI_DAU`
-- -----------------------------------------------------
CREATE TABLE IF NOT EXISTS `BONG_DA`.`GIAI_DAU` (
  `ID_GIAI_DAU` INT NOT NULL AUTO_INCREMENT,
  `TEN_GD` VARCHAR(60) NOT NULL,
  `NGAY_BAT_DAU` DATE NOT NULL,
  `NGAY_KET_THUC` DATE NOT NULL,
  PRIMARY KEY (`ID_GIAI_DAU`)
) ENGINE = INNODB;

-- -----------------------------------------------------
-- Table `bong_da`.`LOAI_BAN_THANG`
-- -----------------------------------------------------
CREATE TABLE IF NOT EXISTS `BONG_DA`.`LOAI_BAN_THANG` (
  `ID_LOAI_BAN_THANG` INT NOT NULL AUTO_INCREMENT,
  `TEN_LBT` VARCHAR(60) NOT NULL,
  PRIMARY KEY (`ID_LOAI_BAN_THANG`)
) ENGINE = INNODB;

-- -----------------------------------------------------
-- Table `bong_da`.`TRAN_DAU`
-- -----------------------------------------------------
CREATE TABLE IF NOT EXISTS `BONG_DA`.`TRAN_DAU` (
  `ID_TRAN_DAU` INT NOT NULL AUTO_INCREMENT,
  `VONG_DAU` INT NOT NULL,
  `DOI_BONG_ID_DOI_BONG_1` INT NOT NULL,
  `DOI_BONG_ID_DOI_BONG_2` INT NOT NULL,
  `GIAI_DAU_ID_GIAI_DAU` INT NOT NULL,
  `LICH_THI_DAU` DATETIME NOT NULL,
  `SAN` VARCHAR(60) NOT NULL,
  PRIMARY KEY (`ID_TRAN_DAU`, `DOI_BONG_ID_DOI_BONG_1`, `DOI_BONG_ID_DOI_BONG_2`, `GIAI_DAU_ID_GIAI_DAU`),
  INDEX `FK_TRAN_DAU_DOI_BONG1_IDX` (`DOI_BONG_ID_DOI_BONG_1` ASC) VISIBLE,
  INDEX `FK_TRAN_DAU_DOI_BONG2_IDX` (`DOI_BONG_ID_DOI_BONG_2` ASC) VISIBLE,
  INDEX `FK_TRAN_DAU_GIAI_DAU1_IDX` (`GIAI_DAU_ID_GIAI_DAU` ASC) VISIBLE,
  CONSTRAINT `FK_TRAN_DAU_DOI_BONG1` FOREIGN KEY (`DOI_BONG_ID_DOI_BONG_1`) REFERENCES `BONG_DA`.`DOI_BONG` (`ID_DOI_BONG`) ON DELETE NO ACTION ON UPDATE NO ACTION,
  CONSTRAINT `FK_TRAN_DAU_DOI_BONG2` FOREIGN KEY (`DOI_BONG_ID_DOI_BONG_2`) REFERENCES `BONG_DA`.`DOI_BONG` (`ID_DOI_BONG`) ON DELETE NO ACTION ON UPDATE NO ACTION,
  CONSTRAINT `FK_TRAN_DAU_GIAI_DAU1` FOREIGN KEY (`GIAI_DAU_ID_GIAI_DAU`) REFERENCES `BONG_DA`.`GIAI_DAU` (`ID_GIAI_DAU`) ON DELETE NO ACTION ON UPDATE NO ACTION
) ENGINE = INNODB;

-- -----------------------------------------------------
-- Table `bong_da`.`KET_QUA_TRAN_DAU`
-- -----------------------------------------------------
CREATE TABLE IF NOT EXISTS `BONG_DA`.`KET_QUA_TRAN_DAU` (
  `TEN_DOI_THANG` VARCHAR(60) NOT NULL,
  `TEN_DOI_THUA` VARCHAR(60) NOT NULL,
  `TRAN_DAU_ID_TRAN_DAU` INT NOT NULL,
  `TRAN_DAU_DOI_BONG_ID_DOI_BONG_1` INT NOT NULL,
  `TRAN_DAU_DOI_BONG_ID_DOI_BONG_2` INT NOT NULL,
  `TRAN_DAU_GIAI_DAU_ID_GIAI_DAU` INT NOT NULL,
  `TI_SO` VARCHAR(5) NOT NULL,
  INDEX `FK_KET_QUA_TRAN_DAU_TRAN_DAU1_IDX` (`TRAN_DAU_ID_TRAN_DAU` ASC, `TRAN_DAU_DOI_BONG_ID_DOI_BONG_1` ASC, `TRAN_DAU_DOI_BONG_ID_DOI_BONG_2` ASC, `TRAN_DAU_GIAI_DAU_ID_GIAI_DAU` ASC) VISIBLE,
  PRIMARY KEY (`TRAN_DAU_ID_TRAN_DAU`),
  CONSTRAINT `FK_KET_QUA_TRAN_DAU_TRAN_DAU1` FOREIGN KEY (`TRAN_DAU_ID_TRAN_DAU`, `TRAN_DAU_DOI_BONG_ID_DOI_BONG_1`, `TRAN_DAU_DOI_BONG_ID_DOI_BONG_2`, `TRAN_DAU_GIAI_DAU_ID_GIAI_DAU`) REFERENCES `BONG_DA`.`TRAN_DAU` (`ID_TRAN_DAU`, `DOI_BONG_ID_DOI_BONG_1`, `DOI_BONG_ID_DOI_BONG_2`, `GIAI_DAU_ID_GIAI_DAU`) ON DELETE NO ACTION ON UPDATE NO ACTION
) ENGINE = INNODB;

-- -----------------------------------------------------
-- Table `bong_da`.`CAU_THU`
-- -----------------------------------------------------
CREATE TABLE IF NOT EXISTS `BONG_DA`.`CAU_THU` (
  `ID_CAU_THU` INT NOT NULL AUTO_INCREMENT,
  `TEN_CT` VARCHAR(60) NOT NULL,
  `LOAI_CT` VARCHAR(60) NOT NULL,
  `GHI_CHU` VARCHAR(60) NULL,
  `DOI_BONG_ID_DOI_BONG` INT NOT NULL,
  `NGAY_SINH_CT` DATE NULL,
  `PICTURE` VARCHAR(1000) NULL,
  `TONG_BAN_THANG` INT NOT NULL DEFAULT 0,
  PRIMARY KEY (`ID_CAU_THU`, `DOI_BONG_ID_DOI_BONG`),
  INDEX `FK_CAU_THU_DOI_BONG_IDX` (`DOI_BONG_ID_DOI_BONG` ASC) VISIBLE,
  CONSTRAINT `FK_CAU_THU_DOI_BONG` FOREIGN KEY (`DOI_BONG_ID_DOI_BONG`) REFERENCES `BONG_DA`.`DOI_BONG` (`ID_DOI_BONG`) ON DELETE NO ACTION ON UPDATE NO ACTION
) ENGINE = INNODB;

-- -----------------------------------------------------
-- Table `bong_da`.`GHI_BAN`
-- -----------------------------------------------------
CREATE TABLE IF NOT EXISTS `BONG_DA`.`GHI_BAN` (
  `ID_GHI_BAN` INT NOT NULL AUTO_INCREMENT,
  `THOI_DIEM` INT NOT NULL,
  `LOAI_BAN_THANG_ID_LOAI_BAN_THANG` INT NOT NULL,
  `KET_QUA_TRAN_DAU_TRAN_DAU_ID_TRAN_DAU` INT NOT NULL,
  `CAU_THU_ID_CAU_THU` INT NOT NULL,
  PRIMARY KEY (`ID_GHI_BAN`, `LOAI_BAN_THANG_ID_LOAI_BAN_THANG`, `KET_QUA_TRAN_DAU_TRAN_DAU_ID_TRAN_DAU`, `CAU_THU_ID_CAU_THU`),
  INDEX `FK_GHI_BAN_LOAI_BAN_THANG1_IDX` (`LOAI_BAN_THANG_ID_LOAI_BAN_THANG` ASC) VISIBLE,
  INDEX `FK_GHI_BAN_KET_QUA_TRAN_DAU1_IDX` (`KET_QUA_TRAN_DAU_TRAN_DAU_ID_TRAN_DAU` ASC) VISIBLE,
  INDEX `FK_GHI_BAN_CAU_THU1_IDX` (`CAU_THU_ID_CAU_THU` ASC) VISIBLE,
  CONSTRAINT `FK_GHI_BAN_LOAI_BAN_THANG1` FOREIGN KEY (`LOAI_BAN_THANG_ID_LOAI_BAN_THANG`) REFERENCES `BONG_DA`.`LOAI_BAN_THANG` (`ID_LOAI_BAN_THANG`) ON DELETE NO ACTION ON UPDATE NO ACTION,
  CONSTRAINT `FK_GHI_BAN_KET_QUA_TRAN_DAU1` FOREIGN KEY (`KET_QUA_TRAN_DAU_TRAN_DAU_ID_TRAN_DAU`) REFERENCES `BONG_DA`.`KET_QUA_TRAN_DAU` (`TRAN_DAU_ID_TRAN_DAU`) ON DELETE NO ACTION ON UPDATE NO ACTION,
  CONSTRAINT `FK_GHI_BAN_CAU_THU1` FOREIGN KEY (`CAU_THU_ID_CAU_THU` ) REFERENCES `BONG_DA`.`CAU_THU` (`ID_CAU_THU` ) ON DELETE NO ACTION ON UPDATE NO ACTION
) ENGINE = INNODB;

-- -----------------------------------------------------
-- Table `bong_da`.`BANG_XEP_HANG`
-- -----------------------------------------------------
CREATE TABLE IF NOT EXISTS `BONG_DA`.`BANG_XEP_HANG` (
  `ID_BXH` INT NOT NULL AUTO_INCREMENT,
  `HANG` INT NOT NULL,
  `THANG` INT NOT NULL,
  `HOA` INT NOT NULL,
  `THUA` INT NOT NULL,
  `TONG_DIEM` INT NOT NULL,
  `DOI_BONG_ID_DOI_BONG` INT NOT NULL,
  `GIAI_DAU_ID_GIAI_DAU` INT NOT NULL,
  PRIMARY KEY (`ID_BXH`, `DOI_BONG_ID_DOI_BONG`, `GIAI_DAU_ID_GIAI_DAU`),
  INDEX `FK_BANG_XEP_HANG_DOI_BONG1_IDX` (`DOI_BONG_ID_DOI_BONG` ASC) VISIBLE,
  INDEX `FK_BANG_XEP_HANG_GIAI_DAU1_IDX` (`GIAI_DAU_ID_GIAI_DAU` ASC) VISIBLE,
  CONSTRAINT `FK_BANG_XEP_HANG_DOI_BONG1` FOREIGN KEY (`DOI_BONG_ID_DOI_BONG`) REFERENCES `BONG_DA`.`DOI_BONG` (`ID_DOI_BONG`) ON DELETE NO ACTION ON UPDATE NO ACTION,
  CONSTRAINT `FK_BANG_XEP_HANG_GIAI_DAU1` FOREIGN KEY (`GIAI_DAU_ID_GIAI_DAU`) REFERENCES `BONG_DA`.`GIAI_DAU` (`ID_GIAI_DAU`) ON DELETE NO ACTION ON UPDATE NO ACTION
) ENGINE = INNODB;

-- -----------------------------------------------------
-- Table `bong_da`.`USER`
-- -----------------------------------------------------
CREATE TABLE IF NOT EXISTS `BONG_DA`.`USER` (
  `ID_USER` INT NOT NULL AUTO_INCREMENT,
  `PASSWORD` VARCHAR(255) NOT NULL,
  `EMAIL` VARCHAR(60) NOT NULL,
  `TEN_USER` VARCHAR(60) NOT NULL,
  `NGAY_SINH` DATE NOT NULL,
  `PHONE` VARCHAR(20) NOT NULL,
  PRIMARY KEY (`ID_USER`)
) ENGINE = INNODB;

-- SET SQL_MODE=@OLD_SQL_MODE;
-- SET FOREIGN_KEY_CHECKS=@OLD_FOREIGN_KEY_CHECKS;
-- SET UNIQUE_CHECKS=@OLD_UNIQUE_CHECKS;


-- ------------------------------------------------------------------------------------

-- DOI BONG
INSERT INTO "DOI_BONG" (
  ID_DOI_BONG,
  TEN_DB,
  SAN_NHA,
  LOGO
) VALUES (
  0,
  'None Club',
  'None Stadium',
  ' '
);

INSERT INTO "DOI_BONG" (
  ID_DOI_BONG,
  TEN_DB,
  SAN_NHA,
  LOGO
) VALUES (
  101,
  'Manchester United',
  'Old Trafford',
  ' '
);

INSERT INTO "DOI_BONG" (
  ID_DOI_BONG,
  TEN_DB,
  SAN_NHA,
  LOGO
) VALUES (
  102,
  'Manchester City',
  'Etihad Stadium',
  ' '
);

INSERT INTO "DOI_BONG" (
  ID_DOI_BONG,
  TEN_DB,
  SAN_NHA,
  LOGO
) VALUES (
  103,
  'Chelsea',
  'Stamford Bridge',
  ' '
);

INSERT INTO "DOI_BONG" (
  ID_DOI_BONG,
  TEN_DB,
  SAN_NHA,
  LOGO
) VALUES (
  104,
  'Arsenal',
  'Emirates Stadium',
  ' '
);

INSERT INTO "DOI_BONG" (
  ID_DOI_BONG,
  TEN_DB,
  SAN_NHA,
  LOGO
) VALUES (
  105,
  'Tottenham Hotspur',
  'White Hart Lane',
  ' '
);

INSERT INTO "DOI_BONG" (
  ID_DOI_BONG,
  TEN_DB,
  SAN_NHA,
  LOGO
) VALUES (
  106,
  'Everton',
  'Goodison Park',
  ' '
);

INSERT INTO "DOI_BONG" (
  ID_DOI_BONG,
  TEN_DB,
  SAN_NHA,
  LOGO
) VALUES (
  107,
  'Liverpool',
  'Anfield',
  ' '
);

INSERT INTO "DOI_BONG" (
  ID_DOI_BONG,
  TEN_DB,
  SAN_NHA,
  LOGO
) VALUES (
  108,
  'West Bromwich Albion',
  'The Hawthorns',
  ' '
);

INSERT INTO "DOI_BONG" (
  ID_DOI_BONG,
  TEN_DB,
  SAN_NHA,
  LOGO
) VALUES (
  109,
  'Swansea City',
  'The Liberty Stadium',
  ' '
);

INSERT INTO "DOI_BONG" (
  ID_DOI_BONG,
  TEN_DB,
  SAN_NHA,
  LOGO
) VALUES (
  110,
  'West Ham United',
  'Upton Park',
  ' '
);

INSERT INTO "DOI_BONG" (
  ID_DOI_BONG,
  TEN_DB,
  SAN_NHA,
  LOGO
) VALUES (
  111,
  'Norwich City',
  'Carrow Road',
  ' '
);

INSERT INTO "DOI_BONG" (
  ID_DOI_BONG,
  TEN_DB,
  SAN_NHA,
  LOGO
) VALUES (
  112,
  'Fulham',
  'Craven Cottage',
  ' '
);

INSERT INTO "DOI_BONG" (
  ID_DOI_BONG,
  TEN_DB,
  SAN_NHA,
  LOGO
) VALUES (
  113,
  'Stoke City',
  'Britannia Stadium',
  ' '
);

INSERT INTO "DOI_BONG" (
  ID_DOI_BONG,
  TEN_DB,
  SAN_NHA,
  LOGO
) VALUES (
  114,
  'Southampton',
  'St. Mary''s Stadium',
  ' '
);

INSERT INTO "DOI_BONG" (
  ID_DOI_BONG,
  TEN_DB,
  SAN_NHA,
  LOGO
) VALUES (
  115,
  'Aston Villa',
  'Villa Park',
  ' '
);

INSERT INTO "DOI_BONG" (
  ID_DOI_BONG,
  TEN_DB,
  SAN_NHA,
  LOGO
) VALUES (
  116,
  'Newcastle United',
  'St James'' Park',
  ' '
);

INSERT INTO "DOI_BONG" (
  ID_DOI_BONG,
  TEN_DB,
  SAN_NHA,
  LOGO
) VALUES (
  117,
  'Sunderland',
  'Stadium of Light',
  ' '
);

INSERT INTO "DOI_BONG" (
  ID_DOI_BONG,
  TEN_DB,
  SAN_NHA,
  LOGO
) VALUES (
  118,
  'Wigan Athletic',
  'DW Stadium',
  ' '
);

INSERT INTO "DOI_BONG" (
  ID_DOI_BONG,
  TEN_DB,
  SAN_NHA,
  LOGO
) VALUES (
  119,
  'Reading F.C',
  'Madejski Stadium',
  ' '
);

INSERT INTO "DOI_BONG" (
  ID_DOI_BONG,
  TEN_DB,
  SAN_NHA,
  LOGO
) VALUES (
  120,
  'Queens Park Rangers',
  'Loftus Road',
  ' '
);

UPDATE DOI_BONG
SET
  LOGO ="https://upload.wikimedia.org/wikipedia/vi/thumb/a/a1/Man_Utd_FC_.svg/1200px-Man_Utd_FC_.svg.png"
WHERE
  ID_DOI_BONG=101;

UPDATE DOI_BONG
SET
  LOGO ="https://upload.wikimedia.org/wikipedia/vi/1/1d/Manchester_City_FC_logo.svg"
WHERE
  ID_DOI_BONG=102;

UPDATE DOI_BONG
SET
  LOGO ="https://upload.wikimedia.org/wikipedia/vi/thumb/5/5c/Chelsea_crest.svg/1200px-Chelsea_crest.svg.png"
WHERE
  ID_DOI_BONG=103;

UPDATE DOI_BONG
SET
  LOGO ="https://upload.wikimedia.org/wikipedia/vi/thumb/5/53/Arsenal_FC.svg/1200px-Arsenal_FC.svg.png"
WHERE
  ID_DOI_BONG=104;

UPDATE DOI_BONG
SET
  LOGO ="https://cdne-totv8-prod.azureedge.net/media/40307/spurs-blue-compressed.png"
WHERE
  ID_DOI_BONG=105;

UPDATE DOI_BONG
SET
  LOGO ="https://upload.wikimedia.org/wikipedia/vi/thumb/7/7c/Everton_FC_logo.svg/1200px-Everton_FC_logo.svg.png"
WHERE
  ID_DOI_BONG=106;

UPDATE DOI_BONG
SET
  LOGO ="https://upload.wikimedia.org/wikipedia/vi/thumb/0/0c/Liverpool_FC.svg/1200px-Liverpool_FC.svg.png"
WHERE
  ID_DOI_BONG=107;

UPDATE DOI_BONG
SET
  LOGO ="https://upload.wikimedia.org/wikipedia/en/thumb/8/8b/West_Bromwich_Albion.svg/1200px-West_Bromwich_Albion.svg.png"
WHERE
  ID_DOI_BONG=108;

UPDATE DOI_BONG
SET
  LOGO ="https://upload.wikimedia.org/wikipedia/en/thumb/1/16/Swansea_City_AFC_logo.png/180px-Swansea_City_AFC_logo.png"
WHERE
  ID_DOI_BONG=109;

UPDATE DOI_BONG
SET
  LOGO ="https://upload.wikimedia.org/wikipedia/vi/b/b1/WestHam.png"
WHERE
  ID_DOI_BONG=110;

UPDATE DOI_BONG
SET
  LOGO ="https://upload.wikimedia.org/wikipedia/en/thumb/1/17/Norwich_City_FC_logo.svg/640px-Norwich_City_FC_logo.svg.png"
WHERE
  ID_DOI_BONG=111;

UPDATE DOI_BONG
SET
  LOGO ="https://upload.wikimedia.org/wikipedia/vi/8/8d/Fulham_FC.png"
WHERE
  ID_DOI_BONG=112;

UPDATE DOI_BONG
SET
  LOGO ="https://upload.wikimedia.org/wikipedia/en/thumb/2/29/Stoke_City_FC.svg/800px-Stoke_City_FC.svg.png"
WHERE
  ID_DOI_BONG=113;

UPDATE DOI_BONG
SET
  LOGO ="https://upload.wikimedia.org/wikipedia/vi/4/4b/356px-FC_Southampton.svg.png"
WHERE
  ID_DOI_BONG=114;

UPDATE DOI_BONG
SET
  LOGO ="https://upload.wikimedia.org/wikipedia/en/thumb/f/f9/Aston_Villa_FC_crest_%282016%29.svg/1200px-Aston_Villa_FC_crest_%282016%29.svg.png"
WHERE
  ID_DOI_BONG=115;

UPDATE DOI_BONG
SET
  LOGO ="https://upload.wikimedia.org/wikipedia/vi/0/0d/Newcastle_United_FC.png"
WHERE
  ID_DOI_BONG=116;

UPDATE DOI_BONG
SET
  LOGO ="https://upload.wikimedia.org/wikipedia/vi/d/d7/Sunderland_AFC.gif"
WHERE
  ID_DOI_BONG=117;

UPDATE DOI_BONG
SET
  LOGO ="https://upload.wikimedia.org/wikipedia/vi/9/92/Wigan_Athletic.png"
WHERE
  ID_DOI_BONG=118;

UPDATE DOI_BONG
SET
  LOGO ="https://upload.wikimedia.org/wikipedia/en/thumb/1/11/Reading_FC.svg/640px-Reading_FC.svg.png"
WHERE
  ID_DOI_BONG=119;

UPDATE DOI_BONG
SET
  LOGO ="https://upload.wikimedia.org/wikipedia/en/thumb/3/31/Queens_Park_Rangers_crest.svg/1200px-Queens_Park_Rangers_crest.svg.png"
WHERE
  ID_DOI_BONG=120;

-- CAU THU
INSERT INTO "CAU_THU" (
  ID_CAU_THU,
  TEN_CT,
  LOAI_CT,
  DOI_BONG_ID_DOI_BONG,
  NGAY_SINH_CT
) VALUES (
  '1001',
  'Andrey Arshavin',
  'TN',
  '101',
  '1995-2-1'
);

INSERT INTO "CAU_THU" (
  ID_CAU_THU,
  TEN_CT,
  LOAI_CT,
  DOI_BONG_ID_DOI_BONG,
  NGAY_SINH_CT
) VALUES (
  1002,
  'Mikel Arteta',
  'TN',
  104,
  '1995-2-1'
);

INSERT INTO "CAU_THU" (
  ID_CAU_THU,
  TEN_CT,
  LOAI_CT,
  DOI_BONG_ID_DOI_BONG,
  NGAY_SINH_CT
) VALUES (
  1003,
  'Santi Cazorla',
  'TN',
  104,
  '1995-2-1'
);

INSERT INTO "CAU_THU" (
  ID_CAU_THU,
  TEN_CT,
  LOAI_CT,
  DOI_BONG_ID_DOI_BONG,
  NGAY_SINH_CT
) VALUES (
  1004,
  'Marouane Chamakh',
  'TN',
  104,
  '1995-2-1'
);

INSERT INTO "CAU_THU" (
  ID_CAU_THU,
  TEN_CT,
  LOAI_CT,
  DOI_BONG_ID_DOI_BONG,
  NGAY_SINH_CT
) VALUES (
  1005,
  'Andre Dos Santos',
  'TN',
  104,
  '1995-2-1'
);

INSERT INTO "CAU_THU" (
  ID_CAU_THU,
  TEN_CT,
  LOAI_CT,
  DOI_BONG_ID_DOI_BONG,
  NGAY_SINH_CT
) VALUES (
  1006,
  'Abou Diaby',
  'TN',
  104,
  '1995-2-1'
);

INSERT INTO "CAU_THU" (
  ID_CAU_THU,
  TEN_CT,
  LOAI_CT,
  DOI_BONG_ID_DOI_BONG,
  NGAY_SINH_CT
) VALUES (
  1007,
  'Johan Djourou',
  'TN',
  104,
  '1995-2-1'
);

INSERT INTO "CAU_THU" (
  ID_CAU_THU,
  TEN_CT,
  LOAI_CT,
  DOI_BONG_ID_DOI_BONG,
  NGAY_SINH_CT
) VALUES (
  1008,
  'Lukasz Fabianski',
  'TN',
  104,
  '1995-2-1'
);

INSERT INTO "CAU_THU" (
  ID_CAU_THU,
  TEN_CT,
  LOAI_CT,
  DOI_BONG_ID_DOI_BONG,
  NGAY_SINH_CT
) VALUES (
  1009,
  'Gervinho',
  'TN',
  104,
  '1995-2-1'
);

INSERT INTO "CAU_THU" (
  ID_CAU_THU,
  TEN_CT,
  LOAI_CT,
  DOI_BONG_ID_DOI_BONG,
  NGAY_SINH_CT
) VALUES (
  1010,
  'Kieran Gibbs',
  'TN',
  104,
  '1995-2-1'
);

INSERT INTO "CAU_THU" (
  ID_CAU_THU,
  TEN_CT,
  LOAI_CT,
  DOI_BONG_ID_DOI_BONG,
  NGAY_SINH_CT
) VALUES (
  1011,
  'Olivier Giroud',
  'TN',
  104,
  '1995-2-1'
);

INSERT INTO "CAU_THU" (
  ID_CAU_THU,
  TEN_CT,
  LOAI_CT,
  DOI_BONG_ID_DOI_BONG,
  NGAY_SINH_CT
) VALUES (
  1012,
  'Laurent Koscielny',
  'TN',
  104,
  '1995-2-1'
);

INSERT INTO "CAU_THU" (
  ID_CAU_THU,
  TEN_CT,
  LOAI_CT,
  DOI_BONG_ID_DOI_BONG,
  NGAY_SINH_CT
) VALUES (
  1013,
  'Vito Mannone',
  'TN',
  104,
  '1995-2-1'
);

INSERT INTO "CAU_THU" (
  ID_CAU_THU,
  TEN_CT,
  LOAI_CT,
  DOI_BONG_ID_DOI_BONG,
  NGAY_SINH_CT
) VALUES (
  1014,
  'Per Mertesacker',
  'TN',
  104,
  '1995-2-1'
);

INSERT INTO "CAU_THU" (
  ID_CAU_THU,
  TEN_CT,
  LOAI_CT,
  DOI_BONG_ID_DOI_BONG,
  NGAY_SINH_CT
) VALUES (
  1015,
  'Lukas Podolski',
  'TN',
  104,
  '1995-2-1'
);

INSERT INTO "CAU_THU" (
  ID_CAU_THU,
  TEN_CT,
  LOAI_CT,
  DOI_BONG_ID_DOI_BONG,
  NGAY_SINH_CT
) VALUES (
  1016,
  'Aaron Ramsey',
  'TN',
  104,
  '1995-3-15'
);

INSERT INTO "CAU_THU" (
  ID_CAU_THU,
  TEN_CT,
  LOAI_CT,
  DOI_BONG_ID_DOI_BONG,
  NGAY_SINH_CT
) VALUES (
  1017,
  'Tomas Rosicky',
  'TN',
  104,
  '1995-3-15'
);

INSERT INTO "CAU_THU" (
  ID_CAU_THU,
  TEN_CT,
  LOAI_CT,
  DOI_BONG_ID_DOI_BONG,
  NGAY_SINH_CT
) VALUES (
  1018,
  'Bacary Sagna',
  'TN',
  104,
  '1995-3-15'
);

INSERT INTO "CAU_THU" (
  ID_CAU_THU,
  TEN_CT,
  LOAI_CT,
  DOI_BONG_ID_DOI_BONG,
  NGAY_SINH_CT
) VALUES (
  1019,
  'Sebastien Squillaci',
  'TN',
  104,
  '1995-3-15'
);

INSERT INTO "CAU_THU" (
  ID_CAU_THU,
  TEN_CT,
  LOAI_CT,
  DOI_BONG_ID_DOI_BONG,
  NGAY_SINH_CT
) VALUES (
  1020,
  'Wojciech Szczesny',
  'TN',
  104,
  '1995-3-15'
);

INSERT INTO "CAU_THU" (
  ID_CAU_THU,
  TEN_CT,
  LOAI_CT,
  DOI_BONG_ID_DOI_BONG,
  NGAY_SINH_CT
) VALUES (
  1021,
  'Thomas Vermaelen',
  'TN',
  104,
  '1995-3-15'
);

INSERT INTO "CAU_THU" (
  ID_CAU_THU,
  TEN_CT,
  LOAI_CT,
  DOI_BONG_ID_DOI_BONG,
  NGAY_SINH_CT
) VALUES (
  1022,
  'Theo Walcott',
  'TN',
  104,
  '1995-3-15'
);

INSERT INTO "CAU_THU" (
  ID_CAU_THU,
  TEN_CT,
  LOAI_CT,
  DOI_BONG_ID_DOI_BONG,
  NGAY_SINH_CT
) VALUES (
  1023,
  'Craig Eastmond.',
  'TN',
  104,
  '1995-3-15'
);

INSERT INTO "CAU_THU" (
  ID_CAU_THU,
  TEN_CT,
  LOAI_CT,
  DOI_BONG_ID_DOI_BONG,
  NGAY_SINH_CT
) VALUES (
  1024,
  'Gabriel Agbonlahor',
  'TN',
  115,
  '1995-3-15'
);

INSERT INTO "CAU_THU" (
  ID_CAU_THU,
  TEN_CT,
  LOAI_CT,
  DOI_BONG_ID_DOI_BONG,
  NGAY_SINH_CT
) VALUES (
  1025,
  'Marc Albrighton',
  'TN',
  115,
  '1995-3-15'
);

INSERT INTO "CAU_THU" (
  ID_CAU_THU,
  TEN_CT,
  LOAI_CT,
  DOI_BONG_ID_DOI_BONG,
  NGAY_SINH_CT
) VALUES (
  1026,
  'Barry Bannan',
  'TN',
  115,
  '1995-3-15'
);

INSERT INTO "CAU_THU" (
  ID_CAU_THU,
  TEN_CT,
  LOAI_CT,
  DOI_BONG_ID_DOI_BONG,
  NGAY_SINH_CT
) VALUES (
  1027,
  'Darren Bent',
  'TN',
  115,
  '1995-3-15'
);

INSERT INTO "CAU_THU" (
  ID_CAU_THU,
  TEN_CT,
  LOAI_CT,
  DOI_BONG_ID_DOI_BONG,
  NGAY_SINH_CT
) VALUES (
  1028,
  'Ciaran Clark',
  'TN',
  115,
  '1995-3-15'
);

INSERT INTO "CAU_THU" (
  ID_CAU_THU,
  TEN_CT,
  LOAI_CT,
  DOI_BONG_ID_DOI_BONG,
  NGAY_SINH_CT
) VALUES (
  1029,
  'Fabian Delph',
  'TN',
  115,
  '1995-3-15'
);

INSERT INTO "CAU_THU" (
  ID_CAU_THU,
  TEN_CT,
  LOAI_CT,
  DOI_BONG_ID_DOI_BONG,
  NGAY_SINH_CT
) VALUES (
  1030,
  'Richard Dunne',
  'TN',
  115,
  '1995-3-15'
);

INSERT INTO "CAU_THU" (
  ID_CAU_THU,
  TEN_CT,
  LOAI_CT,
  DOI_BONG_ID_DOI_BONG,
  NGAY_SINH_CT
) VALUES (
  1031,
  'Karim El Ahmadi',
  'TN',
  115,
  '1995-4-15'
);

INSERT INTO "CAU_THU" (
  ID_CAU_THU,
  TEN_CT,
  LOAI_CT,
  DOI_BONG_ID_DOI_BONG,
  NGAY_SINH_CT
) VALUES (
  1032,
  'Shay Given',
  'TN',
  115,
  '1995-4-15'
);

INSERT INTO "CAU_THU" (
  ID_CAU_THU,
  TEN_CT,
  LOAI_CT,
  DOI_BONG_ID_DOI_BONG,
  NGAY_SINH_CT
) VALUES (
  1033,
  'Bradley Guzan',
  'TN',
  115,
  '1995-4-15'
);

INSERT INTO "CAU_THU" (
  ID_CAU_THU,
  TEN_CT,
  LOAI_CT,
  DOI_BONG_ID_DOI_BONG,
  NGAY_SINH_CT
) VALUES (
  1034,
  'Christopher Herd',
  'TN',
  115,
  '1995-4-15'
);

INSERT INTO "CAU_THU" (
  ID_CAU_THU,
  TEN_CT,
  LOAI_CT,
  DOI_BONG_ID_DOI_BONG,
  NGAY_SINH_CT
) VALUES (
  1035,
  'Brett Holman',
  'TN',
  115,
  '1995-4-15'
);

INSERT INTO "CAU_THU" (
  ID_CAU_THU,
  TEN_CT,
  LOAI_CT,
  DOI_BONG_ID_DOI_BONG,
  NGAY_SINH_CT
) VALUES (
  1036,
  'Alan Hutton',
  'TN',
  115,
  '1995-4-15'
);

INSERT INTO "CAU_THU" (
  ID_CAU_THU,
  TEN_CT,
  LOAI_CT,
  DOI_BONG_ID_DOI_BONG,
  NGAY_SINH_CT
) VALUES (
  1037,
  'Stephen Ireland',
  'TN',
  115,
  '1995-4-15'
);

INSERT INTO "CAU_THU" (
  ID_CAU_THU,
  TEN_CT,
  LOAI_CT,
  DOI_BONG_ID_DOI_BONG,
  NGAY_SINH_CT
) VALUES (
  1038,
  'Eric Lichaj',
  'TN',
  115,
  '1995-4-15'
);

INSERT INTO "CAU_THU" (
  ID_CAU_THU,
  TEN_CT,
  LOAI_CT,
  DOI_BONG_ID_DOI_BONG,
  NGAY_SINH_CT
) VALUES (
  1039,
  'Matthew Lowton',
  'TN',
  115,
  '1995-4-15'
);

INSERT INTO "CAU_THU" (
  ID_CAU_THU,
  TEN_CT,
  LOAI_CT,
  DOI_BONG_ID_DOI_BONG,
  NGAY_SINH_CT
) VALUES (
  1040,
  'Ashley Westwood',
  'TN',
  115,
  '1995-4-15'
);

INSERT INTO "CAU_THU" (
  ID_CAU_THU,
  TEN_CT,
  LOAI_CT,
  DOI_BONG_ID_DOI_BONG,
  NGAY_SINH_CT
) VALUES (
  1041,
  'Andrew Marshall',
  'TN',
  115,
  '1995-4-15'
);

INSERT INTO "CAU_THU" (
  ID_CAU_THU,
  TEN_CT,
  LOAI_CT,
  DOI_BONG_ID_DOI_BONG,
  NGAY_SINH_CT
) VALUES (
  1042,
  'Charles ''Zogbia',
  'TN',
  115,
  '1995-4-15'
);

INSERT INTO "CAU_THU" (
  ID_CAU_THU,
  TEN_CT,
  LOAI_CT,
  DOI_BONG_ID_DOI_BONG,
  NGAY_SINH_CT
) VALUES (
  1043,
  'Stiliyan Petrov',
  'TN',
  115,
  '1995-4-15'
);

INSERT INTO "CAU_THU" (
  ID_CAU_THU,
  TEN_CT,
  LOAI_CT,
  DOI_BONG_ID_DOI_BONG,
  NGAY_SINH_CT
) VALUES (
  1044,
  'Enda Stevens',
  'TN',
  115,
  '1995-4-15'
);

INSERT INTO "CAU_THU" (
  ID_CAU_THU,
  TEN_CT,
  LOAI_CT,
  DOI_BONG_ID_DOI_BONG,
  NGAY_SINH_CT
) VALUES (
  1045,
  'Ron Vlaar',
  'TN',
  115,
  '1995-4-15'
);

INSERT INTO "CAU_THU" (
  ID_CAU_THU,
  TEN_CT,
  LOAI_CT,
  DOI_BONG_ID_DOI_BONG,
  NGAY_SINH_CT
) VALUES (
  1046,
  'Stephen Warnock',
  'TN',
  115,
  '1995-4-15'
);

INSERT INTO "CAU_THU" (
  ID_CAU_THU,
  TEN_CT,
  LOAI_CT,
  DOI_BONG_ID_DOI_BONG,
  NGAY_SINH_CT
) VALUES (
  1047,
  'Joseph Bennett',
  'TN',
  115,
  '1995-4-15'
);

INSERT INTO "CAU_THU" (
  ID_CAU_THU,
  TEN_CT,
  LOAI_CT,
  DOI_BONG_ID_DOI_BONG,
  NGAY_SINH_CT
) VALUES (
  1048,
  'Christian Benteke.',
  'TN',
  115,
  '1995-4-15'
);

INSERT INTO "CAU_THU" (
  ID_CAU_THU,
  TEN_CT,
  LOAI_CT,
  DOI_BONG_ID_DOI_BONG,
  NGAY_SINH_CT
) VALUES (
  1049,
  'Petr Cech',
  'TN',
  103,
  '1995-4-15'
);

INSERT INTO "CAU_THU" (
  ID_CAU_THU,
  TEN_CT,
  LOAI_CT,
  DOI_BONG_ID_DOI_BONG,
  NGAY_SINH_CT
) VALUES (
  1050,
  'Branislav Ivanovic',
  'TN',
  103,
  '1995-4-15'
);

INSERT INTO "CAU_THU" (
  ID_CAU_THU,
  TEN_CT,
  LOAI_CT,
  DOI_BONG_ID_DOI_BONG,
  NGAY_SINH_CT
) VALUES (
  1051,
  'Cesar Azpilicueta',
  'TN',
  103,
  '1995-4-15'
);

INSERT INTO "CAU_THU" (
  ID_CAU_THU,
  TEN_CT,
  LOAI_CT,
  DOI_BONG_ID_DOI_BONG,
  NGAY_SINH_CT
) VALUES (
  1052,
  'Ashley Cole',
  'TN',
  103,
  '1995-4-15'
);

INSERT INTO "CAU_THU" (
  ID_CAU_THU,
  TEN_CT,
  LOAI_CT,
  DOI_BONG_ID_DOI_BONG,
  NGAY_SINH_CT
) VALUES (
  1053,
  'David Luiz',
  'TN',
  103,
  '1995-5-15'
);

INSERT INTO "CAU_THU" (
  ID_CAU_THU,
  TEN_CT,
  LOAI_CT,
  DOI_BONG_ID_DOI_BONG,
  NGAY_SINH_CT
) VALUES (
  1054,
  'Ramires',
  'TN',
  103,
  '1995-5-15'
);

INSERT INTO "CAU_THU" (
  ID_CAU_THU,
  TEN_CT,
  LOAI_CT,
  DOI_BONG_ID_DOI_BONG,
  NGAY_SINH_CT
) VALUES (
  1055,
  'Frank Lampard',
  'TN',
  103,
  '1995-5-15'
);

INSERT INTO "CAU_THU" (
  ID_CAU_THU,
  TEN_CT,
  LOAI_CT,
  DOI_BONG_ID_DOI_BONG,
  NGAY_SINH_CT
) VALUES (
  1056,
  'Fernando Torres',
  'TN',
  103,
  '1995-5-15'
);

INSERT INTO "CAU_THU" (
  ID_CAU_THU,
  TEN_CT,
  LOAI_CT,
  DOI_BONG_ID_DOI_BONG,
  NGAY_SINH_CT
) VALUES (
  1057,
  'Juan Mata',
  'TN',
  103,
  '1995-5-15'
);

INSERT INTO "CAU_THU" (
  ID_CAU_THU,
  TEN_CT,
  LOAI_CT,
  DOI_BONG_ID_DOI_BONG,
  NGAY_SINH_CT
) VALUES (
  1058,
  'Victor Moses',
  'TN',
  103,
  '1995-5-15'
);

INSERT INTO "CAU_THU" (
  ID_CAU_THU,
  TEN_CT,
  LOAI_CT,
  DOI_BONG_ID_DOI_BONG,
  NGAY_SINH_CT
) VALUES (
  1059,
  'John Obi Mikel',
  'TN',
  103,
  '1995-5-15'
);

INSERT INTO "CAU_THU" (
  ID_CAU_THU,
  TEN_CT,
  LOAI_CT,
  DOI_BONG_ID_DOI_BONG,
  NGAY_SINH_CT
) VALUES (
  1060,
  'Florent Malouda',
  'TN',
  103,
  '1995-5-15'
);

INSERT INTO "CAU_THU" (
  ID_CAU_THU,
  TEN_CT,
  LOAI_CT,
  DOI_BONG_ID_DOI_BONG,
  NGAY_SINH_CT
) VALUES (
  1061,
  'Paulo Ferreira',
  'TN',
  103,
  '1995-5-15'
);

INSERT INTO "CAU_THU" (
  ID_CAU_THU,
  TEN_CT,
  LOAI_CT,
  DOI_BONG_ID_DOI_BONG,
  NGAY_SINH_CT
) VALUES (
  1062,
  'Marko Marin',
  'TN',
  103,
  '1995-5-15'
);

INSERT INTO "CAU_THU" (
  ID_CAU_THU,
  TEN_CT,
  LOAI_CT,
  DOI_BONG_ID_DOI_BONG,
  NGAY_SINH_CT
) VALUES (
  1063,
  'Ross Turnbull',
  'TN',
  103,
  '1995-5-15'
);

INSERT INTO "CAU_THU" (
  ID_CAU_THU,
  TEN_CT,
  LOAI_CT,
  DOI_BONG_ID_DOI_BONG,
  NGAY_SINH_CT
) VALUES (
  1064,
  'Daniel Sturridge',
  'TN',
  103,
  '1995-5-15'
);

INSERT INTO "CAU_THU" (
  ID_CAU_THU,
  TEN_CT,
  LOAI_CT,
  DOI_BONG_ID_DOI_BONG,
  NGAY_SINH_CT
) VALUES (
  1065,
  'Gary Cahill',
  'TN',
  103,
  '1995-5-15'
);

INSERT INTO "CAU_THU" (
  ID_CAU_THU,
  TEN_CT,
  LOAI_CT,
  DOI_BONG_ID_DOI_BONG,
  NGAY_SINH_CT
) VALUES (
  1066,
  'John Terry',
  'TN',
  103,
  '1995-5-15'
);

INSERT INTO "CAU_THU" (
  ID_CAU_THU,
  TEN_CT,
  LOAI_CT,
  DOI_BONG_ID_DOI_BONG,
  NGAY_SINH_CT
) VALUES (
  1067,
  'Ryan Bertrand',
  'TN',
  103,
  '1995-5-15'
);

INSERT INTO "CAU_THU" (
  ID_CAU_THU,
  TEN_CT,
  LOAI_CT,
  DOI_BONG_ID_DOI_BONG,
  NGAY_SINH_CT
) VALUES (
  1068,
  'Hilario.',
  'TN',
  103,
  '1995-5-15'
);

INSERT INTO "CAU_THU" (
  ID_CAU_THU,
  TEN_CT,
  LOAI_CT,
  DOI_BONG_ID_DOI_BONG,
  NGAY_SINH_CT
) VALUES (
  1069,
  'Victor Anichebe',
  'TN',
  106,
  '1995-5-15'
);

INSERT INTO "CAU_THU" (
  ID_CAU_THU,
  TEN_CT,
  LOAI_CT,
  DOI_BONG_ID_DOI_BONG,
  NGAY_SINH_CT
) VALUES (
  1070,
  'Leighton Baines',
  'TN',
  106,
  '1995-5-15'
);

INSERT INTO "CAU_THU" (
  ID_CAU_THU,
  TEN_CT,
  LOAI_CT,
  DOI_BONG_ID_DOI_BONG,
  NGAY_SINH_CT
) VALUES (
  1071,
  'Darron Gibson',
  'TN',
  106,
  '1995-5-15'
);

INSERT INTO "CAU_THU" (
  ID_CAU_THU,
  TEN_CT,
  LOAI_CT,
  DOI_BONG_ID_DOI_BONG,
  NGAY_SINH_CT
) VALUES (
  1072,
  'Anthony Hibbert',
  'TN',
  106,
  '1995-5-15'
);

INSERT INTO "CAU_THU" (
  ID_CAU_THU,
  TEN_CT,
  LOAI_CT,
  DOI_BONG_ID_DOI_BONG,
  NGAY_SINH_CT
) VALUES (
  1073,
  'Philip Jagielka',
  'TN',
  106,
  '1995-5-15'
);

INSERT INTO "CAU_THU" (
  ID_CAU_THU,
  TEN_CT,
  LOAI_CT,
  DOI_BONG_ID_DOI_BONG,
  NGAY_SINH_CT
) VALUES (
  1074,
  'Philip Neville',
  'TN',
  106,
  '1995-5-15'
);

INSERT INTO "CAU_THU" (
  ID_CAU_THU,
  TEN_CT,
  LOAI_CT,
  DOI_BONG_ID_DOI_BONG,
  NGAY_SINH_CT
) VALUES (
  1075,
  'Leon Osman',
  'TN',
  106,
  '1995-5-15'
);

INSERT INTO "CAU_THU" (
  ID_CAU_THU,
  TEN_CT,
  LOAI_CT,
  DOI_BONG_ID_DOI_BONG,
  NGAY_SINH_CT
) VALUES (
  1076,
  'Seamus Coleman',
  'TN',
  106,
  '1995-6-15'
);

INSERT INTO "CAU_THU" (
  ID_CAU_THU,
  TEN_CT,
  LOAI_CT,
  DOI_BONG_ID_DOI_BONG,
  NGAY_SINH_CT
) VALUES (
  1077,
  'Sylvain Distin',
  'TN',
  106,
  '1995-6-15'
);

INSERT INTO "CAU_THU" (
  ID_CAU_THU,
  TEN_CT,
  LOAI_CT,
  DOI_BONG_ID_DOI_BONG,
  NGAY_SINH_CT
) VALUES (
  1078,
  'Marouane Fellaini',
  'TN',
  106,
  '1995-6-15'
);

INSERT INTO "CAU_THU" (
  ID_CAU_THU,
  TEN_CT,
  LOAI_CT,
  DOI_BONG_ID_DOI_BONG,
  NGAY_SINH_CT
) VALUES (
  1079,
  'Magaye Gueye',
  'TN',
  106,
  '1995-6-15'
);

INSERT INTO "CAU_THU" (
  ID_CAU_THU,
  TEN_CT,
  LOAI_CT,
  DOI_BONG_ID_DOI_BONG,
  NGAY_SINH_CT
) VALUES (
  1080,
  'John Heitinga',
  'TN',
  106,
  '1995-6-15'
);

INSERT INTO "CAU_THU" (
  ID_CAU_THU,
  TEN_CT,
  LOAI_CT,
  DOI_BONG_ID_DOI_BONG,
  NGAY_SINH_CT
) VALUES (
  1081,
  'Timothy Howard',
  'TN',
  106,
  '1995-6-15'
);

INSERT INTO "CAU_THU" (
  ID_CAU_THU,
  TEN_CT,
  LOAI_CT,
  DOI_BONG_ID_DOI_BONG,
  NGAY_SINH_CT
) VALUES (
  1082,
  'Nikica Jelavic',
  'TN',
  106,
  '1995-6-15'
);

INSERT INTO "CAU_THU" (
  ID_CAU_THU,
  TEN_CT,
  LOAI_CT,
  DOI_BONG_ID_DOI_BONG,
  NGAY_SINH_CT
) VALUES (
  1083,
  'Jan Mucha',
  'TN',
  106,
  '1995-6-15'
);

INSERT INTO "CAU_THU" (
  ID_CAU_THU,
  TEN_CT,
  LOAI_CT,
  DOI_BONG_ID_DOI_BONG,
  NGAY_SINH_CT
) VALUES (
  1084,
  'Steven Naismith',
  'TN',
  106,
  '1995-6-15'
);

INSERT INTO "CAU_THU" (
  ID_CAU_THU,
  TEN_CT,
  LOAI_CT,
  DOI_BONG_ID_DOI_BONG,
  NGAY_SINH_CT
) VALUES (
  1085,
  'Steven Pienaar',
  'TN',
  106,
  '1995-6-15'
);

INSERT INTO "CAU_THU" (
  ID_CAU_THU,
  TEN_CT,
  LOAI_CT,
  DOI_BONG_ID_DOI_BONG,
  NGAY_SINH_CT
) VALUES (
  1086,
  'Kevin Mirallas',
  'TN',
  106,
  '1995-6-15'
);

INSERT INTO "CAU_THU" (
  ID_CAU_THU,
  TEN_CT,
  LOAI_CT,
  DOI_BONG_ID_DOI_BONG,
  NGAY_SINH_CT
) VALUES (
  1087,
  'Bryan Oviedo.',
  'TN',
  106,
  '1995-6-15'
);

INSERT INTO "CAU_THU" (
  ID_CAU_THU,
  TEN_CT,
  LOAI_CT,
  DOI_BONG_ID_DOI_BONG,
  NGAY_SINH_CT
) VALUES (
  1088,
  'Mark Schwarzer',
  'TN',
  112,
  '1995-6-15'
);

INSERT INTO "CAU_THU" (
  ID_CAU_THU,
  TEN_CT,
  LOAI_CT,
  DOI_BONG_ID_DOI_BONG,
  NGAY_SINH_CT
) VALUES (
  1089,
  'Csaba Somogyi',
  'TN',
  112,
  '1995-6-15'
);

INSERT INTO "CAU_THU" (
  ID_CAU_THU,
  TEN_CT,
  LOAI_CT,
  DOI_BONG_ID_DOI_BONG,
  NGAY_SINH_CT
) VALUES (
  1090,
  'David Stockdale',
  'TN',
  112,
  '1995-6-15'
);

INSERT INTO "CAU_THU" (
  ID_CAU_THU,
  TEN_CT,
  LOAI_CT,
  DOI_BONG_ID_DOI_BONG,
  NGAY_SINH_CT
) VALUES (
  1091,
  'Neil Etheridge',
  'TN',
  112,
  '1995-6-15'
);

INSERT INTO "CAU_THU" (
  ID_CAU_THU,
  TEN_CT,
  LOAI_CT,
  DOI_BONG_ID_DOI_BONG,
  NGAY_SINH_CT
) VALUES (
  1092,
  'Sascha Riether',
  'TN',
  112,
  '1995-6-15'
);

INSERT INTO "CAU_THU" (
  ID_CAU_THU,
  TEN_CT,
  LOAI_CT,
  DOI_BONG_ID_DOI_BONG,
  NGAY_SINH_CT
) VALUES (
  1093,
  'Stephen Kelly',
  'TN',
  112,
  '1995-6-15'
);

INSERT INTO "CAU_THU" (
  ID_CAU_THU,
  TEN_CT,
  LOAI_CT,
  DOI_BONG_ID_DOI_BONG,
  NGAY_SINH_CT
) VALUES (
  1094,
  'Aaron Hughes',
  'TN',
  112,
  '1995-6-15'
);

INSERT INTO "CAU_THU" (
  ID_CAU_THU,
  TEN_CT,
  LOAI_CT,
  DOI_BONG_ID_DOI_BONG,
  NGAY_SINH_CT
) VALUES (
  1095,
  'Brede Hangeland',
  'TN',
  112,
  '1995-6-15'
);

INSERT INTO "CAU_THU" (
  ID_CAU_THU,
  TEN_CT,
  LOAI_CT,
  DOI_BONG_ID_DOI_BONG,
  NGAY_SINH_CT
) VALUES (
  1096,
  'Philippe Senderos',
  'TN',
  112,
  '1995-6-15'
);

INSERT INTO "CAU_THU" (
  ID_CAU_THU,
  TEN_CT,
  LOAI_CT,
  DOI_BONG_ID_DOI_BONG,
  NGAY_SINH_CT
) VALUES (
  1097,
  'John Arne Riise',
  'TN',
  112,
  '1995-6-15'
);

INSERT INTO "CAU_THU" (
  ID_CAU_THU,
  TEN_CT,
  LOAI_CT,
  DOI_BONG_ID_DOI_BONG,
  NGAY_SINH_CT
) VALUES (
  1098,
  'Damien Duff',
  'TN',
  112,
  '1995-6-15'
);

INSERT INTO "CAU_THU" (
  ID_CAU_THU,
  TEN_CT,
  LOAI_CT,
  DOI_BONG_ID_DOI_BONG,
  NGAY_SINH_CT
) VALUES (
  1099,
  'Ashkan Dejagah',
  'TN',
  112,
  '1995-7-18'
);

INSERT INTO "CAU_THU" (
  ID_CAU_THU,
  TEN_CT,
  LOAI_CT,
  DOI_BONG_ID_DOI_BONG,
  NGAY_SINH_CT
) VALUES (
  1100,
  'Simon Davies',
  'TN',
  112,
  '1995-7-18'
);

INSERT INTO "CAU_THU" (
  ID_CAU_THU,
  TEN_CT,
  LOAI_CT,
  DOI_BONG_ID_DOI_BONG,
  NGAY_SINH_CT
) VALUES (
  1101,
  'Christopher Baird',
  'TN',
  112,
  '1995-7-18'
);

INSERT INTO "CAU_THU" (
  ID_CAU_THU,
  TEN_CT,
  LOAI_CT,
  DOI_BONG_ID_DOI_BONG,
  NGAY_SINH_CT
) VALUES (
  1102,
  'Steven Sidwell',
  'TN',
  112,
  '1995-7-18'
);

INSERT INTO "CAU_THU" (
  ID_CAU_THU,
  TEN_CT,
  LOAI_CT,
  DOI_BONG_ID_DOI_BONG,
  NGAY_SINH_CT
) VALUES (
  1103,
  'Mahamadou Diarra',
  'TN',
  112,
  '1995-7-18'
);

INSERT INTO "CAU_THU" (
  ID_CAU_THU,
  TEN_CT,
  LOAI_CT,
  DOI_BONG_ID_DOI_BONG,
  NGAY_SINH_CT
) VALUES (
  1104,
  'Bryan Ruiz',
  'TN',
  112,
  '1995-7-18'
);

INSERT INTO "CAU_THU" (
  ID_CAU_THU,
  TEN_CT,
  LOAI_CT,
  DOI_BONG_ID_DOI_BONG,
  NGAY_SINH_CT
) VALUES (
  1105,
  'Kieran Richardson',
  'TN',
  112,
  '1995-7-18'
);

INSERT INTO "CAU_THU" (
  ID_CAU_THU,
  TEN_CT,
  LOAI_CT,
  DOI_BONG_ID_DOI_BONG,
  NGAY_SINH_CT
) VALUES (
  1106,
  'Mladen Petric',
  'TN',
  112,
  '1995-7-18'
);

INSERT INTO "CAU_THU" (
  ID_CAU_THU,
  TEN_CT,
  LOAI_CT,
  DOI_BONG_ID_DOI_BONG,
  NGAY_SINH_CT
) VALUES (
  1107,
  'Hugo Rodallega',
  'TN',
  112,
  '1995-7-18'
);

INSERT INTO "CAU_THU" (
  ID_CAU_THU,
  TEN_CT,
  LOAI_CT,
  DOI_BONG_ID_DOI_BONG,
  NGAY_SINH_CT
) VALUES (
  1108,
  'Dimitar Berbatov.',
  'TN',
  112,
  '1995-7-18'
);

INSERT INTO "CAU_THU" (
  ID_CAU_THU,
  TEN_CT,
  LOAI_CT,
  DOI_BONG_ID_DOI_BONG,
  NGAY_SINH_CT
) VALUES (
  1109,
  'Daniel Agger',
  'TN',
  107,
  '1995-7-18'
);

INSERT INTO "CAU_THU" (
  ID_CAU_THU,
  TEN_CT,
  LOAI_CT,
  DOI_BONG_ID_DOI_BONG,
  NGAY_SINH_CT
) VALUES (
  1110,
  'Joe Allen',
  'TN',
  107,
  '1995-7-18'
);

INSERT INTO "CAU_THU" (
  ID_CAU_THU,
  TEN_CT,
  LOAI_CT,
  DOI_BONG_ID_DOI_BONG,
  NGAY_SINH_CT
) VALUES (
  1111,
  'Ossama Assaidi',
  'TN',
  107,
  '1995-7-18'
);

INSERT INTO "CAU_THU" (
  ID_CAU_THU,
  TEN_CT,
  LOAI_CT,
  DOI_BONG_ID_DOI_BONG,
  NGAY_SINH_CT
) VALUES (
  1112,
  'Jamie Carragher',
  'TN',
  107,
  '1995-7-18'
);

INSERT INTO "CAU_THU" (
  ID_CAU_THU,
  TEN_CT,
  LOAI_CT,
  DOI_BONG_ID_DOI_BONG,
  NGAY_SINH_CT
) VALUES (
  1113,
  'Sebastian Coates',
  'TN',
  107,
  '1995-7-18'
);

INSERT INTO "CAU_THU" (
  ID_CAU_THU,
  TEN_CT,
  LOAI_CT,
  DOI_BONG_ID_DOI_BONG,
  NGAY_SINH_CT
) VALUES (
  1114,
  'Joe Cole',
  'TN',
  107,
  '1995-7-18'
);

INSERT INTO "CAU_THU" (
  ID_CAU_THU,
  TEN_CT,
  LOAI_CT,
  DOI_BONG_ID_DOI_BONG,
  NGAY_SINH_CT
) VALUES (
  1115,
  'Doni',
  'TN',
  107,
  '1995-7-18'
);

INSERT INTO "CAU_THU" (
  ID_CAU_THU,
  TEN_CT,
  LOAI_CT,
  DOI_BONG_ID_DOI_BONG,
  NGAY_SINH_CT
) VALUES (
  1116,
  'Stewart Downing',
  'TN',
  107,
  '1995-7-18'
);

INSERT INTO "CAU_THU" (
  ID_CAU_THU,
  TEN_CT,
  LOAI_CT,
  DOI_BONG_ID_DOI_BONG,
  NGAY_SINH_CT
) VALUES (
  1117,
  'Steven Gerrard',
  'TN',
  107,
  '1995-7-18'
);

INSERT INTO "CAU_THU" (
  ID_CAU_THU,
  TEN_CT,
  LOAI_CT,
  DOI_BONG_ID_DOI_BONG,
  NGAY_SINH_CT
) VALUES (
  1118,
  'Peter Gulacsi',
  'TN',
  107,
  '1995-7-18'
);

INSERT INTO "CAU_THU" (
  ID_CAU_THU,
  TEN_CT,
  LOAI_CT,
  DOI_BONG_ID_DOI_BONG,
  NGAY_SINH_CT
) VALUES (
  1119,
  'Jordan Henderson',
  'TN',
  107,
  '1995-7-18'
);

INSERT INTO "CAU_THU" (
  ID_CAU_THU,
  TEN_CT,
  LOAI_CT,
  DOI_BONG_ID_DOI_BONG,
  NGAY_SINH_CT
) VALUES (
  1120,
  'Glen Johnson',
  'TN',
  107,
  '1995-7-18'
);

INSERT INTO "CAU_THU" (
  ID_CAU_THU,
  TEN_CT,
  LOAI_CT,
  DOI_BONG_ID_DOI_BONG,
  NGAY_SINH_CT
) VALUES (
  1121,
  'Bradley Jones',
  'TN',
  107,
  '1995-7-18'
);

INSERT INTO "CAU_THU" (
  ID_CAU_THU,
  TEN_CT,
  LOAI_CT,
  DOI_BONG_ID_DOI_BONG,
  NGAY_SINH_CT
) VALUES (
  1122,
  'Jose Enrique',
  'TN',
  107,
  '1995-7-18'
);

INSERT INTO "CAU_THU" (
  ID_CAU_THU,
  TEN_CT,
  LOAI_CT,
  DOI_BONG_ID_DOI_BONG,
  NGAY_SINH_CT
) VALUES (
  1123,
  'Martin Kelly',
  'TN',
  107,
  '1995-7-18'
);

INSERT INTO "CAU_THU" (
  ID_CAU_THU,
  TEN_CT,
  LOAI_CT,
  DOI_BONG_ID_DOI_BONG,
  NGAY_SINH_CT
) VALUES (
  1124,
  'Lucas Leiva',
  'TN',
  107,
  '1995-7-18'
);

INSERT INTO "CAU_THU" (
  ID_CAU_THU,
  TEN_CT,
  LOAI_CT,
  DOI_BONG_ID_DOI_BONG,
  NGAY_SINH_CT
) VALUES (
  1125,
  'Jose Manuel Reina',
  'TN',
  107,
  '1995-7-18'
);

INSERT INTO "CAU_THU" (
  ID_CAU_THU,
  TEN_CT,
  LOAI_CT,
  DOI_BONG_ID_DOI_BONG,
  NGAY_SINH_CT
) VALUES (
  1126,
  'Nuri Sahin',
  'TN',
  107,
  '1995-7-18'
);

INSERT INTO "CAU_THU" (
  ID_CAU_THU,
  TEN_CT,
  LOAI_CT,
  DOI_BONG_ID_DOI_BONG,
  NGAY_SINH_CT
) VALUES (
  1127,
  'Martin Skrtel',
  'TN',
  107,
  '1995-7-18'
);

INSERT INTO "CAU_THU" (
  ID_CAU_THU,
  TEN_CT,
  LOAI_CT,
  DOI_BONG_ID_DOI_BONG,
  NGAY_SINH_CT
) VALUES (
  1128,
  'Luis Suarez.',
  'TN',
  107,
  '1995-8-13'
);

INSERT INTO "CAU_THU" (
  ID_CAU_THU,
  TEN_CT,
  LOAI_CT,
  DOI_BONG_ID_DOI_BONG,
  NGAY_SINH_CT
) VALUES (
  1129,
  'Joe Hart',
  'TN',
  102,
  '1995-8-13'
);

INSERT INTO "CAU_THU" (
  ID_CAU_THU,
  TEN_CT,
  LOAI_CT,
  DOI_BONG_ID_DOI_BONG,
  NGAY_SINH_CT
) VALUES (
  1130,
  'Micah Richards',
  'TN',
  102,
  '1995-8-13'
);

INSERT INTO "CAU_THU" (
  ID_CAU_THU,
  TEN_CT,
  LOAI_CT,
  DOI_BONG_ID_DOI_BONG,
  NGAY_SINH_CT
) VALUES (
  1131,
  'Vincent Kompany',
  'TN',
  102,
  '1995-8-13'
);

INSERT INTO "CAU_THU" (
  ID_CAU_THU,
  TEN_CT,
  LOAI_CT,
  DOI_BONG_ID_DOI_BONG,
  NGAY_SINH_CT
) VALUES (
  1132,
  'Pablo Zabaleta',
  'TN',
  102,
  '1995-8-13'
);

INSERT INTO "CAU_THU" (
  ID_CAU_THU,
  TEN_CT,
  LOAI_CT,
  DOI_BONG_ID_DOI_BONG,
  NGAY_SINH_CT
) VALUES (
  1133,
  'Joleon Lescott',
  'TN',
  102,
  '1995-8-13'
);

INSERT INTO "CAU_THU" (
  ID_CAU_THU,
  TEN_CT,
  LOAI_CT,
  DOI_BONG_ID_DOI_BONG,
  NGAY_SINH_CT
) VALUES (
  1134,
  'James Milner',
  'TN',
  102,
  '1995-8-13'
);

INSERT INTO "CAU_THU" (
  ID_CAU_THU,
  TEN_CT,
  LOAI_CT,
  DOI_BONG_ID_DOI_BONG,
  NGAY_SINH_CT
) VALUES (
  1135,
  'Samir Nasri',
  'TN',
  102,
  '1995-8-13'
);

INSERT INTO "CAU_THU" (
  ID_CAU_THU,
  TEN_CT,
  LOAI_CT,
  DOI_BONG_ID_DOI_BONG,
  NGAY_SINH_CT
) VALUES (
  1136,
  'Edin Dzeko',
  'TN',
  102,
  '1995-8-13'
);

INSERT INTO "CAU_THU" (
  ID_CAU_THU,
  TEN_CT,
  LOAI_CT,
  DOI_BONG_ID_DOI_BONG,
  NGAY_SINH_CT
) VALUES (
  1137,
  'Scott Sinclair',
  'TN',
  102,
  '1995-8-13'
);

INSERT INTO "CAU_THU" (
  ID_CAU_THU,
  TEN_CT,
  LOAI_CT,
  DOI_BONG_ID_DOI_BONG,
  NGAY_SINH_CT
) VALUES (
  1138,
  'Aleksandar Kolarov',
  'TN',
  102,
  '1995-8-13'
);

INSERT INTO "CAU_THU" (
  ID_CAU_THU,
  TEN_CT,
  LOAI_CT,
  DOI_BONG_ID_DOI_BONG,
  NGAY_SINH_CT
) VALUES (
  1139,
  'Sergio Aguero',
  'TN',
  102,
  '1995-8-13'
);

INSERT INTO "CAU_THU" (
  ID_CAU_THU,
  TEN_CT,
  LOAI_CT,
  DOI_BONG_ID_DOI_BONG,
  NGAY_SINH_CT
) VALUES (
  1140,
  'Gareth Barry',
  'TN',
  102,
  '1995-9-20'
);

INSERT INTO "CAU_THU" (
  ID_CAU_THU,
  TEN_CT,
  LOAI_CT,
  DOI_BONG_ID_DOI_BONG,
  NGAY_SINH_CT
) VALUES (
  1141,
  'David Silva',
  'TN',
  102,
  '1995-9-20'
);

INSERT INTO "CAU_THU" (
  ID_CAU_THU,
  TEN_CT,
  LOAI_CT,
  DOI_BONG_ID_DOI_BONG,
  NGAY_SINH_CT
) VALUES (
  1142,
  'Gael Clichy',
  'TN',
  102,
  '1995-9-20'
);

INSERT INTO "CAU_THU" (
  ID_CAU_THU,
  TEN_CT,
  LOAI_CT,
  DOI_BONG_ID_DOI_BONG,
  NGAY_SINH_CT
) VALUES (
  1143,
  'Kolo Toure',
  'TN',
  102,
  '1995-9-20'
);

INSERT INTO "CAU_THU" (
  ID_CAU_THU,
  TEN_CT,
  LOAI_CT,
  DOI_BONG_ID_DOI_BONG,
  NGAY_SINH_CT
) VALUES (
  1144,
  'Richard Wright',
  'TN',
  102,
  '1995-9-20'
);

INSERT INTO "CAU_THU" (
  ID_CAU_THU,
  TEN_CT,
  LOAI_CT,
  DOI_BONG_ID_DOI_BONG,
  NGAY_SINH_CT
) VALUES (
  1145,
  'Costel Pantilimon',
  'TN',
  102,
  '1995-9-20'
);

INSERT INTO "CAU_THU" (
  ID_CAU_THU,
  TEN_CT,
  LOAI_CT,
  DOI_BONG_ID_DOI_BONG,
  NGAY_SINH_CT
) VALUES (
  1146,
  'Carlos Tevez',
  'TN',
  102,
  '1995-9-20'
);

INSERT INTO "CAU_THU" (
  ID_CAU_THU,
  TEN_CT,
  LOAI_CT,
  DOI_BONG_ID_DOI_BONG,
  NGAY_SINH_CT
) VALUES (
  1147,
  'Yaya Toure',
  'TN',
  102,
  '1995-9-20'
);

INSERT INTO "CAU_THU" (
  ID_CAU_THU,
  TEN_CT,
  LOAI_CT,
  DOI_BONG_ID_DOI_BONG,
  NGAY_SINH_CT
) VALUES (
  1148,
  'Maicon',
  'TN',
  102,
  '1995-9-20'
);

INSERT INTO "CAU_THU" (
  ID_CAU_THU,
  TEN_CT,
  LOAI_CT,
  DOI_BONG_ID_DOI_BONG,
  NGAY_SINH_CT
) VALUES (
  1149,
  'Javi Garcia',
  'TN',
  102,
  '1995-9-20'
);

INSERT INTO "CAU_THU" (
  ID_CAU_THU,
  TEN_CT,
  LOAI_CT,
  DOI_BONG_ID_DOI_BONG,
  NGAY_SINH_CT
) VALUES (
  1150,
  'Mario Balotelli.',
  'TN',
  102,
  '1995-9-20'
);

INSERT INTO "CAU_THU" (
  ID_CAU_THU,
  TEN_CT,
  LOAI_CT,
  DOI_BONG_ID_DOI_BONG,
  NGAY_SINH_CT
) VALUES (
  1151,
  'Anderson',
  'TN',
  101,
  '1995-9-20'
);

INSERT INTO "CAU_THU" (
  ID_CAU_THU,
  TEN_CT,
  LOAI_CT,
  DOI_BONG_ID_DOI_BONG,
  NGAY_SINH_CT
) VALUES (
  1152,
  'Bebe',
  'TN',
  101,
  '1995-9-20'
);

INSERT INTO "CAU_THU" (
  ID_CAU_THU,
  TEN_CT,
  LOAI_CT,
  DOI_BONG_ID_DOI_BONG,
  NGAY_SINH_CT
) VALUES (
  1153,
  'Alexander Buttner',
  'TN',
  101,
  '1995-9-20'
);

INSERT INTO "CAU_THU" (
  ID_CAU_THU,
  TEN_CT,
  LOAI_CT,
  DOI_BONG_ID_DOI_BONG,
  NGAY_SINH_CT
) VALUES (
  1154,
  'Michael Carrick',
  'TN',
  101,
  '1995-9-20'
);

INSERT INTO "CAU_THU" (
  ID_CAU_THU,
  TEN_CT,
  LOAI_CT,
  DOI_BONG_ID_DOI_BONG,
  NGAY_SINH_CT
) VALUES (
  1155,
  'Javier Hernandez',
  'TN',
  101,
  '1995-9-20'
);

INSERT INTO "CAU_THU" (
  ID_CAU_THU,
  TEN_CT,
  LOAI_CT,
  DOI_BONG_ID_DOI_BONG,
  NGAY_SINH_CT
) VALUES (
  1156,
  'Tom Cleverley',
  'TN',
  101,
  '1995-9-20'
);

INSERT INTO "CAU_THU" (
  ID_CAU_THU,
  TEN_CT,
  LOAI_CT,
  DOI_BONG_ID_DOI_BONG,
  NGAY_SINH_CT
) VALUES (
  1157,
  'David De Gea',
  'TN',
  101,
  '1995-9-20'
);

INSERT INTO "CAU_THU" (
  ID_CAU_THU,
  TEN_CT,
  LOAI_CT,
  DOI_BONG_ID_DOI_BONG,
  NGAY_SINH_CT
) VALUES (
  1158,
  'Jonathan Evans',
  'TN',
  101,
  '1995-9-20'
);

INSERT INTO "CAU_THU" (
  ID_CAU_THU,
  TEN_CT,
  LOAI_CT,
  DOI_BONG_ID_DOI_BONG,
  NGAY_SINH_CT
) VALUES (
  1159,
  'Patrice Evra',
  'TN',
  101,
  '1995-9-20'
);

INSERT INTO "CAU_THU" (
  ID_CAU_THU,
  TEN_CT,
  LOAI_CT,
  DOI_BONG_ID_DOI_BONG,
  NGAY_SINH_CT
) VALUES (
  1160,
  'Rio Ferdinand',
  'TN',
  101,
  '1995-9-20'
);

INSERT INTO "CAU_THU" (
  ID_CAU_THU,
  TEN_CT,
  LOAI_CT,
  DOI_BONG_ID_DOI_BONG,
  NGAY_SINH_CT
) VALUES (
  1161,
  'Darren Fletcher',
  'TN',
  101,
  '1995-9-20'
);

INSERT INTO "CAU_THU" (
  ID_CAU_THU,
  TEN_CT,
  LOAI_CT,
  DOI_BONG_ID_DOI_BONG,
  NGAY_SINH_CT
) VALUES (
  1162,
  'Ryan Giggs',
  'TN',
  101,
  '1995-10-25'
);

INSERT INTO "CAU_THU" (
  ID_CAU_THU,
  TEN_CT,
  LOAI_CT,
  DOI_BONG_ID_DOI_BONG,
  NGAY_SINH_CT
) VALUES (
  1163,
  'Shinji Kagawa',
  'TN',
  101,
  '1995-10-25'
);

INSERT INTO "CAU_THU" (
  ID_CAU_THU,
  TEN_CT,
  LOAI_CT,
  DOI_BONG_ID_DOI_BONG,
  NGAY_SINH_CT
) VALUES (
  1164,
  'Anders Lindegaard',
  'TN',
  101,
  '1995-10-25'
);

INSERT INTO "CAU_THU" (
  ID_CAU_THU,
  TEN_CT,
  LOAI_CT,
  DOI_BONG_ID_DOI_BONG,
  NGAY_SINH_CT
) VALUES (
  1165,
  'Nani',
  'TN',
  101,
  '1995-10-25'
);

INSERT INTO "CAU_THU" (
  ID_CAU_THU,
  TEN_CT,
  LOAI_CT,
  DOI_BONG_ID_DOI_BONG,
  NGAY_SINH_CT
) VALUES (
  1166,
  'Rafael da Silva',
  'TN',
  101,
  '1995-10-25'
);

INSERT INTO "CAU_THU" (
  ID_CAU_THU,
  TEN_CT,
  LOAI_CT,
  DOI_BONG_ID_DOI_BONG,
  NGAY_SINH_CT
) VALUES (
  1167,
  'Wayne Rooney',
  'TN',
  101,
  '1995-10-25'
);

INSERT INTO "CAU_THU" (
  ID_CAU_THU,
  TEN_CT,
  LOAI_CT,
  DOI_BONG_ID_DOI_BONG,
  NGAY_SINH_CT
) VALUES (
  1168,
  'Paul Scholes',
  'TN',
  101,
  '1995-10-25'
);

INSERT INTO "CAU_THU" (
  ID_CAU_THU,
  TEN_CT,
  LOAI_CT,
  DOI_BONG_ID_DOI_BONG,
  NGAY_SINH_CT
) VALUES (
  1169,
  'Chris Smalling',
  'TN',
  101,
  '1995-10-25'
);

INSERT INTO "CAU_THU" (
  ID_CAU_THU,
  TEN_CT,
  LOAI_CT,
  DOI_BONG_ID_DOI_BONG,
  NGAY_SINH_CT
) VALUES (
  1170,
  'Luis Antonio Valencia',
  'TN',
  101,
  '1995-10-25'
);

INSERT INTO "CAU_THU" (
  ID_CAU_THU,
  TEN_CT,
  LOAI_CT,
  DOI_BONG_ID_DOI_BONG,
  NGAY_SINH_CT
) VALUES (
  1171,
  'Robin Van Persie',
  'TN',
  101,
  '1995-10-25'
);

INSERT INTO "CAU_THU" (
  ID_CAU_THU,
  TEN_CT,
  LOAI_CT,
  DOI_BONG_ID_DOI_BONG,
  NGAY_SINH_CT
) VALUES (
  1172,
  'Nemanja Vidic',
  'TN',
  101,
  '1995-10-25'
);

INSERT INTO "CAU_THU" (
  ID_CAU_THU,
  TEN_CT,
  LOAI_CT,
  DOI_BONG_ID_DOI_BONG,
  NGAY_SINH_CT
) VALUES (
  1173,
  'Daniel Welbeck',
  'TN',
  101,
  '1995-10-25'
);

INSERT INTO "CAU_THU" (
  ID_CAU_THU,
  TEN_CT,
  LOAI_CT,
  DOI_BONG_ID_DOI_BONG,
  NGAY_SINH_CT
) VALUES (
  1174,
  'Ashley Young.',
  'TN',
  101,
  '1995-10-25'
);

INSERT INTO "CAU_THU" (
  ID_CAU_THU,
  TEN_CT,
  LOAI_CT,
  DOI_BONG_ID_DOI_BONG,
  NGAY_SINH_CT
) VALUES (
  1175,
  'Romain Amalfitano',
  'TN',
  116,
  '1995-10-25'
);

INSERT INTO "CAU_THU" (
  ID_CAU_THU,
  TEN_CT,
  LOAI_CT,
  DOI_BONG_ID_DOI_BONG,
  NGAY_SINH_CT
) VALUES (
  1176,
  'Shola Ameobi',
  'TN',
  116,
  '1995-10-25'
);

INSERT INTO "CAU_THU" (
  ID_CAU_THU,
  TEN_CT,
  LOAI_CT,
  DOI_BONG_ID_DOI_BONG,
  NGAY_SINH_CT
) VALUES (
  1177,
  'Vurnon Anita',
  'TN',
  116,
  '1995-10-25'
);

INSERT INTO "CAU_THU" (
  ID_CAU_THU,
  TEN_CT,
  LOAI_CT,
  DOI_BONG_ID_DOI_BONG,
  NGAY_SINH_CT
) VALUES (
  1178,
  'Demba Ba',
  'TN',
  116,
  '1995-10-25'
);

INSERT INTO "CAU_THU" (
  ID_CAU_THU,
  TEN_CT,
  LOAI_CT,
  DOI_BONG_ID_DOI_BONG,
  NGAY_SINH_CT
) VALUES (
  1179,
  'Hatem Ben Arfa',
  'TN',
  116,
  '1995-10-25'
);

INSERT INTO "CAU_THU" (
  ID_CAU_THU,
  TEN_CT,
  LOAI_CT,
  DOI_BONG_ID_DOI_BONG,
  NGAY_SINH_CT
) VALUES (
  1180,
  'Yohan Cabaye',
  'TN',
  116,
  '1995-10-25'
);

INSERT INTO "CAU_THU" (
  ID_CAU_THU,
  TEN_CT,
  LOAI_CT,
  DOI_BONG_ID_DOI_BONG,
  NGAY_SINH_CT
) VALUES (
  1181,
  'Papiss Cisse',
  'TN',
  116,
  '1995-10-25'
);

INSERT INTO "CAU_THU" (
  ID_CAU_THU,
  TEN_CT,
  LOAI_CT,
  DOI_BONG_ID_DOI_BONG,
  NGAY_SINH_CT
) VALUES (
  1182,
  'Fabricio Coloccini',
  'TN',
  116,
  '1995-10-25'
);

INSERT INTO "CAU_THU" (
  ID_CAU_THU,
  TEN_CT,
  LOAI_CT,
  DOI_BONG_ID_DOI_BONG,
  NGAY_SINH_CT
) VALUES (
  1183,
  'Robert Elliot',
  'TN',
  116,
  '1995-10-25'
);

INSERT INTO "CAU_THU" (
  ID_CAU_THU,
  TEN_CT,
  LOAI_CT,
  DOI_BONG_ID_DOI_BONG,
  NGAY_SINH_CT
) VALUES (
  1184,
  'Dan Gosling',
  'TN',
  116,
  '1995-10-25'
);

INSERT INTO "CAU_THU" (
  ID_CAU_THU,
  TEN_CT,
  LOAI_CT,
  DOI_BONG_ID_DOI_BONG,
  NGAY_SINH_CT
) VALUES (
  1185,
  'Stephen Harper',
  'TN',
  116,
  '1995-10-25'
);

INSERT INTO "CAU_THU" (
  ID_CAU_THU,
  TEN_CT,
  LOAI_CT,
  DOI_BONG_ID_DOI_BONG,
  NGAY_SINH_CT
) VALUES (
  1186,
  'Jonas Gutierrez',
  'TN',
  116,
  '1995-10-25'
);

INSERT INTO "CAU_THU" (
  ID_CAU_THU,
  TEN_CT,
  LOAI_CT,
  DOI_BONG_ID_DOI_BONG,
  NGAY_SINH_CT
) VALUES (
  1187,
  'Timothy Krul',
  'TN',
  116,
  '1995-10-25'
);

INSERT INTO "CAU_THU" (
  ID_CAU_THU,
  TEN_CT,
  LOAI_CT,
  DOI_BONG_ID_DOI_BONG,
  NGAY_SINH_CT
) VALUES (
  1188,
  'Sylvain Marveaux',
  'TN',
  116,
  '1995-10-25'
);

INSERT INTO "CAU_THU" (
  ID_CAU_THU,
  TEN_CT,
  LOAI_CT,
  DOI_BONG_ID_DOI_BONG,
  NGAY_SINH_CT
) VALUES (
  1189,
  'Gabriel Obertan',
  'TN',
  116,
  '1995-10-25'
);

INSERT INTO "CAU_THU" (
  ID_CAU_THU,
  TEN_CT,
  LOAI_CT,
  DOI_BONG_ID_DOI_BONG,
  NGAY_SINH_CT
) VALUES (
  1190,
  'James Perch',
  'TN',
  116,
  '1995-10-25'
);

INSERT INTO "CAU_THU" (
  ID_CAU_THU,
  TEN_CT,
  LOAI_CT,
  DOI_BONG_ID_DOI_BONG,
  NGAY_SINH_CT
) VALUES (
  1191,
  'Daniel Simpson',
  'TN',
  116,
  '1995-10-25'
);

INSERT INTO "CAU_THU" (
  ID_CAU_THU,
  TEN_CT,
  LOAI_CT,
  DOI_BONG_ID_DOI_BONG,
  NGAY_SINH_CT
) VALUES (
  1192,
  'Ryan Taylor',
  'TN',
  116,
  '1995-10-25'
);

INSERT INTO "CAU_THU" (
  ID_CAU_THU,
  TEN_CT,
  LOAI_CT,
  DOI_BONG_ID_DOI_BONG,
  NGAY_SINH_CT
) VALUES (
  1193,
  'Steven Taylor',
  'TN',
  116,
  '1995-10-25'
);

INSERT INTO "CAU_THU" (
  ID_CAU_THU,
  TEN_CT,
  LOAI_CT,
  DOI_BONG_ID_DOI_BONG,
  NGAY_SINH_CT
) VALUES (
  1194,
  'Cheick Tiote',
  'TN',
  116,
  '1995-10-25'
);

INSERT INTO "CAU_THU" (
  ID_CAU_THU,
  TEN_CT,
  LOAI_CT,
  DOI_BONG_ID_DOI_BONG,
  NGAY_SINH_CT
) VALUES (
  1195,
  'Mike Williamson',
  'TN',
  116,
  '1995-10-25'
);

INSERT INTO "CAU_THU" (
  ID_CAU_THU,
  TEN_CT,
  LOAI_CT,
  DOI_BONG_ID_DOI_BONG,
  NGAY_SINH_CT
) VALUES (
  1196,
  'Xisco.',
  'TN',
  116,
  '1995-10-25'
);

INSERT INTO "CAU_THU" (
  ID_CAU_THU,
  TEN_CT,
  LOAI_CT,
  DOI_BONG_ID_DOI_BONG,
  NGAY_SINH_CT
) VALUES (
  1197,
  'Leon Barnett',
  'TN',
  111,
  '1995-10-25'
);

INSERT INTO "CAU_THU" (
  ID_CAU_THU,
  TEN_CT,
  LOAI_CT,
  DOI_BONG_ID_DOI_BONG,
  NGAY_SINH_CT
) VALUES (
  1198,
  'Sebastian Bassong',
  'TN',
  111,
  '1995-10-25'
);

INSERT INTO "CAU_THU" (
  ID_CAU_THU,
  TEN_CT,
  LOAI_CT,
  DOI_BONG_ID_DOI_BONG,
  NGAY_SINH_CT
) VALUES (
  1199,
  'Elliott Bennett',
  'TN',
  111,
  '1995-11-19'
);

INSERT INTO "CAU_THU" (
  ID_CAU_THU,
  TEN_CT,
  LOAI_CT,
  DOI_BONG_ID_DOI_BONG,
  NGAY_SINH_CT
) VALUES (
  1200,
  'Ryan Bennett',
  'TN',
  111,
  '1995-11-19'
);

INSERT INTO "CAU_THU" (
  ID_CAU_THU,
  TEN_CT,
  LOAI_CT,
  DOI_BONG_ID_DOI_BONG,
  NGAY_SINH_CT
) VALUES (
  1201,
  'Mark Bunn',
  'TN',
  111,
  '1995-11-19'
);

INSERT INTO "CAU_THU" (
  ID_CAU_THU,
  TEN_CT,
  LOAI_CT,
  DOI_BONG_ID_DOI_BONG,
  NGAY_SINH_CT
) VALUES (
  1202,
  'Jacob Butterfield',
  'TN',
  111,
  '1995-11-19'
);

INSERT INTO "CAU_THU" (
  ID_CAU_THU,
  TEN_CT,
  LOAI_CT,
  DOI_BONG_ID_DOI_BONG,
  NGAY_SINH_CT
) VALUES (
  1203,
  'David Fox',
  'TN',
  111,
  '1995-11-19'
);

INSERT INTO "CAU_THU" (
  ID_CAU_THU,
  TEN_CT,
  LOAI_CT,
  DOI_BONG_ID_DOI_BONG,
  NGAY_SINH_CT
) VALUES (
  1204,
  'Javier Garrido',
  'TN',
  111,
  '1995-11-19'
);

INSERT INTO "CAU_THU" (
  ID_CAU_THU,
  TEN_CT,
  LOAI_CT,
  DOI_BONG_ID_DOI_BONG,
  NGAY_SINH_CT
) VALUES (
  1205,
  'Grant Holt',
  'TN',
  111,
  '1995-11-19'
);

INSERT INTO "CAU_THU" (
  ID_CAU_THU,
  TEN_CT,
  LOAI_CT,
  DOI_BONG_ID_DOI_BONG,
  NGAY_SINH_CT
) VALUES (
  1206,
  'Wesley Hoolahan',
  'TN',
  111,
  '1995-11-19'
);

INSERT INTO "CAU_THU" (
  ID_CAU_THU,
  TEN_CT,
  LOAI_CT,
  DOI_BONG_ID_DOI_BONG,
  NGAY_SINH_CT
) VALUES (
  1207,
  'Jonathan Howson',
  'TN',
  111,
  '1995-11-19'
);

INSERT INTO "CAU_THU" (
  ID_CAU_THU,
  TEN_CT,
  LOAI_CT,
  DOI_BONG_ID_DOI_BONG,
  NGAY_SINH_CT
) VALUES (
  1208,
  'Simeon Jackson',
  'TN',
  111,
  '1995-11-19'
);

INSERT INTO "CAU_THU" (
  ID_CAU_THU,
  TEN_CT,
  LOAI_CT,
  DOI_BONG_ID_DOI_BONG,
  NGAY_SINH_CT
) VALUES (
  1209,
  'Bradley Johnson',
  'TN',
  111,
  '1995-11-19'
);

INSERT INTO "CAU_THU" (
  ID_CAU_THU,
  TEN_CT,
  LOAI_CT,
  DOI_BONG_ID_DOI_BONG,
  NGAY_SINH_CT
) VALUES (
  1210,
  'Simon Lappin',
  'TN',
  111,
  '1995-11-19'
);

INSERT INTO "CAU_THU" (
  ID_CAU_THU,
  TEN_CT,
  LOAI_CT,
  DOI_BONG_ID_DOI_BONG,
  NGAY_SINH_CT
) VALUES (
  1211,
  'Chris Martin',
  'TN',
  111,
  '1995-11-19'
);

INSERT INTO "CAU_THU" (
  ID_CAU_THU,
  TEN_CT,
  LOAI_CT,
  DOI_BONG_ID_DOI_BONG,
  NGAY_SINH_CT
) VALUES (
  1212,
  'Russell Martin',
  'TN',
  111,
  '1995-11-19'
);

INSERT INTO "CAU_THU" (
  ID_CAU_THU,
  TEN_CT,
  LOAI_CT,
  DOI_BONG_ID_DOI_BONG,
  NGAY_SINH_CT
) VALUES (
  1213,
  'Steven Morison',
  'TN',
  111,
  '1995-11-19'
);

INSERT INTO "CAU_THU" (
  ID_CAU_THU,
  TEN_CT,
  LOAI_CT,
  DOI_BONG_ID_DOI_BONG,
  NGAY_SINH_CT
) VALUES (
  1214,
  'Anthony Pilkington',
  'TN',
  111,
  '1995-11-19'
);

INSERT INTO "CAU_THU" (
  ID_CAU_THU,
  TEN_CT,
  LOAI_CT,
  DOI_BONG_ID_DOI_BONG,
  NGAY_SINH_CT
) VALUES (
  1215,
  'John Ruddy',
  'TN',
  111,
  '1995-11-19'
);

INSERT INTO "CAU_THU" (
  ID_CAU_THU,
  TEN_CT,
  LOAI_CT,
  DOI_BONG_ID_DOI_BONG,
  NGAY_SINH_CT
) VALUES (
  1216,
  'Robert Snodgrass',
  'TN',
  111,
  '1995-11-19'
);

INSERT INTO "CAU_THU" (
  ID_CAU_THU,
  TEN_CT,
  LOAI_CT,
  DOI_BONG_ID_DOI_BONG,
  NGAY_SINH_CT
) VALUES (
  1217,
  'Andrew Surman',
  'TN',
  111,
  '1995-11-19'
);

INSERT INTO "CAU_THU" (
  ID_CAU_THU,
  TEN_CT,
  LOAI_CT,
  DOI_BONG_ID_DOI_BONG,
  NGAY_SINH_CT
) VALUES (
  1218,
  'Alexander Tettey',
  'TN',
  111,
  '1995-11-19'
);

INSERT INTO "CAU_THU" (
  ID_CAU_THU,
  TEN_CT,
  LOAI_CT,
  DOI_BONG_ID_DOI_BONG,
  NGAY_SINH_CT
) VALUES (
  1219,
  'Marc Tierney',
  'TN',
  111,
  '1995-11-19'
);

INSERT INTO "CAU_THU" (
  ID_CAU_THU,
  TEN_CT,
  LOAI_CT,
  DOI_BONG_ID_DOI_BONG,
  NGAY_SINH_CT
) VALUES (
  1220,
  'Michael Turner',
  'TN',
  111,
  '1995-11-19'
);

INSERT INTO "CAU_THU" (
  ID_CAU_THU,
  TEN_CT,
  LOAI_CT,
  DOI_BONG_ID_DOI_BONG,
  NGAY_SINH_CT
) VALUES (
  1221,
  'Steven Whittaker.',
  'TN',
  111,
  '1995-11-19'
);

INSERT INTO "CAU_THU" (
  ID_CAU_THU,
  TEN_CT,
  LOAI_CT,
  DOI_BONG_ID_DOI_BONG,
  NGAY_SINH_CT
) VALUES (
  1222,
  'Robert Green',
  'TN',
  120,
  '1995-11-19'
);

INSERT INTO "CAU_THU" (
  ID_CAU_THU,
  TEN_CT,
  LOAI_CT,
  DOI_BONG_ID_DOI_BONG,
  NGAY_SINH_CT
) VALUES (
  1223,
  'Samba Diakite',
  'TN',
  120,
  '1995-11-19'
);

INSERT INTO "CAU_THU" (
  ID_CAU_THU,
  TEN_CT,
  LOAI_CT,
  DOI_BONG_ID_DOI_BONG,
  NGAY_SINH_CT
) VALUES (
  1224,
  'Armand Traore',
  'TN',
  120,
  '1995-11-19'
);

INSERT INTO "CAU_THU" (
  ID_CAU_THU,
  TEN_CT,
  LOAI_CT,
  DOI_BONG_ID_DOI_BONG,
  NGAY_SINH_CT
) VALUES (
  1225,
  'Shaun Derry',
  'TN',
  120,
  '1995-11-19'
);

INSERT INTO "CAU_THU" (
  ID_CAU_THU,
  TEN_CT,
  LOAI_CT,
  DOI_BONG_ID_DOI_BONG,
  NGAY_SINH_CT
) VALUES (
  1226,
  'Anton Ferdinand',
  'TN',
  120,
  '1995-11-19'
);

INSERT INTO "CAU_THU" (
  ID_CAU_THU,
  TEN_CT,
  LOAI_CT,
  DOI_BONG_ID_DOI_BONG,
  NGAY_SINH_CT
) VALUES (
  1227,
  'Clinton Hill',
  'TN',
  120,
  '1995-11-19'
);

INSERT INTO "CAU_THU" (
  ID_CAU_THU,
  TEN_CT,
  LOAI_CT,
  DOI_BONG_ID_DOI_BONG,
  NGAY_SINH_CT
) VALUES (
  1228,
  'Ji-Sung Park',
  'TN',
  120,
  '1995-11-19'
);

INSERT INTO "CAU_THU" (
  ID_CAU_THU,
  TEN_CT,
  LOAI_CT,
  DOI_BONG_ID_DOI_BONG,
  NGAY_SINH_CT
) VALUES (
  1229,
  'Andrew Johnson',
  'NN',
  120,
  '1995-12-12'
);

INSERT INTO "CAU_THU" (
  ID_CAU_THU,
  TEN_CT,
  LOAI_CT,
  DOI_BONG_ID_DOI_BONG,
  NGAY_SINH_CT
) VALUES (
  1230,
  'Djibril Cisse',
  'NN',
  120,
  '1995-12-12'
);

INSERT INTO "CAU_THU" (
  ID_CAU_THU,
  TEN_CT,
  LOAI_CT,
  DOI_BONG_ID_DOI_BONG,
  NGAY_SINH_CT
) VALUES (
  1231,
  'Adel Taarabt',
  'NN',
  120,
  '1995-12-12'
);

INSERT INTO "CAU_THU" (
  ID_CAU_THU,
  TEN_CT,
  LOAI_CT,
  DOI_BONG_ID_DOI_BONG,
  NGAY_SINH_CT
) VALUES (
  1232,
  'Bradley Wright-Phillips',
  'NN',
  120,
  '1995-12-12'
);

INSERT INTO "CAU_THU" (
  ID_CAU_THU,
  TEN_CT,
  LOAI_CT,
  DOI_BONG_ID_DOI_BONG,
  NGAY_SINH_CT
) VALUES (
  1233,
  'James Mackie',
  'NN',
  120,
  '1995-12-12'
);

INSERT INTO "CAU_THU" (
  ID_CAU_THU,
  TEN_CT,
  LOAI_CT,
  DOI_BONG_ID_DOI_BONG,
  NGAY_SINH_CT
) VALUES (
  1234,
  'Nedum Onuoha',
  'NN',
  120,
  '1995-12-12'
);

INSERT INTO "CAU_THU" (
  ID_CAU_THU,
  TEN_CT,
  LOAI_CT,
  DOI_BONG_ID_DOI_BONG,
  NGAY_SINH_CT
) VALUES (
  1235,
  'Stephane Mbia',
  'NN',
  120,
  '1995-12-12'
);

INSERT INTO "CAU_THU" (
  ID_CAU_THU,
  TEN_CT,
  LOAI_CT,
  DOI_BONG_ID_DOI_BONG,
  NGAY_SINH_CT
) VALUES (
  1236,
  'Ryan Nelsen',
  'NN',
  120,
  '1995-12-12'
);

INSERT INTO "CAU_THU" (
  ID_CAU_THU,
  TEN_CT,
  LOAI_CT,
  DOI_BONG_ID_DOI_BONG,
  NGAY_SINH_CT
) VALUES (
  1237,
  'Kieron Dyer',
  'NN',
  120,
  '1995-12-12'
);

INSERT INTO "CAU_THU" (
  ID_CAU_THU,
  TEN_CT,
  LOAI_CT,
  DOI_BONG_ID_DOI_BONG,
  NGAY_SINH_CT
) VALUES (
  1238,
  'Fabio da Silva',
  'NN',
  120,
  '1995-12-12'
);

INSERT INTO "CAU_THU" (
  ID_CAU_THU,
  TEN_CT,
  LOAI_CT,
  DOI_BONG_ID_DOI_BONG,
  NGAY_SINH_CT
) VALUES (
  1239,
  'Hogan Ephraim',
  'NN',
  120,
  '1995-12-12'
);

INSERT INTO "CAU_THU" (
  ID_CAU_THU,
  TEN_CT,
  LOAI_CT,
  DOI_BONG_ID_DOI_BONG,
  NGAY_SINH_CT
) VALUES (
  1240,
  'David Wayne Hoilett',
  'NN',
  120,
  '1995-12-12'
);

INSERT INTO "CAU_THU" (
  ID_CAU_THU,
  TEN_CT,
  LOAI_CT,
  DOI_BONG_ID_DOI_BONG,
  NGAY_SINH_CT
) VALUES (
  1241,
  'Brian Murphy',
  'NN',
  120,
  '1995-12-12'
);

INSERT INTO "CAU_THU" (
  ID_CAU_THU,
  TEN_CT,
  LOAI_CT,
  DOI_BONG_ID_DOI_BONG,
  NGAY_SINH_CT
) VALUES (
  1242,
  'Robert Zamora',
  'NN',
  120,
  '1995-12-12'
);

INSERT INTO "CAU_THU" (
  ID_CAU_THU,
  TEN_CT,
  LOAI_CT,
  DOI_BONG_ID_DOI_BONG,
  NGAY_SINH_CT
) VALUES (
  1243,
  'Julio Cesar',
  'NN',
  120,
  '1995-12-12'
);

INSERT INTO "CAU_THU" (
  ID_CAU_THU,
  TEN_CT,
  LOAI_CT,
  DOI_BONG_ID_DOI_BONG,
  NGAY_SINH_CT
) VALUES (
  1244,
  'Alejandro Faurlin',
  'NN',
  120,
  '1995-12-12'
);

INSERT INTO "CAU_THU" (
  ID_CAU_THU,
  TEN_CT,
  LOAI_CT,
  DOI_BONG_ID_DOI_BONG,
  NGAY_SINH_CT
) VALUES (
  1245,
  'Esteban Granero',
  'NN',
  120,
  '1995-12-12'
);

INSERT INTO "CAU_THU" (
  ID_CAU_THU,
  TEN_CT,
  LOAI_CT,
  DOI_BONG_ID_DOI_BONG,
  NGAY_SINH_CT
) VALUES (
  1246,
  'Jose Bosingwa.',
  'NN',
  120,
  '1995-12-12'
);

INSERT INTO "CAU_THU" (
  ID_CAU_THU,
  TEN_CT,
  LOAI_CT,
  DOI_BONG_ID_DOI_BONG,
  NGAY_SINH_CT
) VALUES (
  1247,
  'Simon Church',
  'NN',
  119,
  '1995-12-12'
);

INSERT INTO "CAU_THU" (
  ID_CAU_THU,
  TEN_CT,
  LOAI_CT,
  DOI_BONG_ID_DOI_BONG,
  NGAY_SINH_CT
) VALUES (
  1248,
  'Shaun Cummings',
  'NN',
  119,
  '1995-12-12'
);

INSERT INTO "CAU_THU" (
  ID_CAU_THU,
  TEN_CT,
  LOAI_CT,
  DOI_BONG_ID_DOI_BONG,
  NGAY_SINH_CT
) VALUES (
  1249,
  'Christopher Gunter',
  'NN',
  119,
  '1995-12-12'
);

INSERT INTO "CAU_THU" (
  ID_CAU_THU,
  TEN_CT,
  LOAI_CT,
  DOI_BONG_ID_DOI_BONG,
  NGAY_SINH_CT
) VALUES (
  1250,
  'Danny Guthrie',
  'NN',
  119,
  '1995-12-12'
);

INSERT INTO "CAU_THU" (
  ID_CAU_THU,
  TEN_CT,
  LOAI_CT,
  DOI_BONG_ID_DOI_BONG,
  NGAY_SINH_CT
) VALUES (
  1251,
  'Ian Harte',
  'NN',
  119,
  '1995-12-12'
);

INSERT INTO "CAU_THU" (
  ID_CAU_THU,
  TEN_CT,
  LOAI_CT,
  DOI_BONG_ID_DOI_BONG,
  NGAY_SINH_CT
) VALUES (
  1252,
  'Jem Karacan',
  'NN',
  119,
  '1996-1-10'
);

INSERT INTO "CAU_THU" (
  ID_CAU_THU,
  TEN_CT,
  LOAI_CT,
  DOI_BONG_ID_DOI_BONG,
  NGAY_SINH_CT
) VALUES (
  1253,
  'Adam Le Fondre',
  'NN',
  119,
  '1996-1-10'
);

INSERT INTO "CAU_THU" (
  ID_CAU_THU,
  TEN_CT,
  LOAI_CT,
  DOI_BONG_ID_DOI_BONG,
  NGAY_SINH_CT
) VALUES (
  1254,
  'Mikele Leigertwood',
  'NN',
  119,
  '1996-1-10'
);

INSERT INTO "CAU_THU" (
  ID_CAU_THU,
  TEN_CT,
  LOAI_CT,
  DOI_BONG_ID_DOI_BONG,
  NGAY_SINH_CT
) VALUES (
  1255,
  'Joel McAnuff',
  'NN',
  119,
  '1996-1-10'
);

INSERT INTO "CAU_THU" (
  ID_CAU_THU,
  TEN_CT,
  LOAI_CT,
  DOI_BONG_ID_DOI_BONG,
  NGAY_SINH_CT
) VALUES (
  1256,
  'Alex McCarthy',
  'NN',
  119,
  '1996-1-10'
);

INSERT INTO "CAU_THU" (
  ID_CAU_THU,
  TEN_CT,
  LOAI_CT,
  DOI_BONG_ID_DOI_BONG,
  NGAY_SINH_CT
) VALUES (
  1257,
  'Garath McCleary',
  'NN',
  119,
  '1996-1-10'
);

INSERT INTO "CAU_THU" (
  ID_CAU_THU,
  TEN_CT,
  LOAI_CT,
  DOI_BONG_ID_DOI_BONG,
  NGAY_SINH_CT
) VALUES (
  1258,
  'Adrian Mariappa',
  'NN',
  119,
  '1996-1-10'
);

INSERT INTO "CAU_THU" (
  ID_CAU_THU,
  TEN_CT,
  LOAI_CT,
  DOI_BONG_ID_DOI_BONG,
  NGAY_SINH_CT
) VALUES (
  1259,
  'Alexander Pearce',
  'NN',
  119,
  '1996-1-10'
);

INSERT INTO "CAU_THU" (
  ID_CAU_THU,
  TEN_CT,
  LOAI_CT,
  DOI_BONG_ID_DOI_BONG,
  NGAY_SINH_CT
) VALUES (
  1260,
  'Jason Roberts',
  'NN',
  119,
  '1996-1-10'
);

INSERT INTO "CAU_THU" (
  ID_CAU_THU,
  TEN_CT,
  LOAI_CT,
  DOI_BONG_ID_DOI_BONG,
  NGAY_SINH_CT
) VALUES (
  1261,
  'Thomas Robson-Kanu',
  'NN',
  119,
  '1996-1-10'
);

INSERT INTO "CAU_THU" (
  ID_CAU_THU,
  TEN_CT,
  LOAI_CT,
  DOI_BONG_ID_DOI_BONG,
  NGAY_SINH_CT
) VALUES (
  1262,
  'Nicholas Shorey',
  'NN',
  119,
  '1996-1-10'
);

INSERT INTO "CAU_THU" (
  ID_CAU_THU,
  TEN_CT,
  LOAI_CT,
  DOI_BONG_ID_DOI_BONG,
  NGAY_SINH_CT
) VALUES (
  1263,
  'Jay Tabb',
  'NN',
  119,
  '1996-1-10'
);

INSERT INTO "CAU_THU" (
  ID_CAU_THU,
  TEN_CT,
  LOAI_CT,
  DOI_BONG_ID_DOI_BONG,
  NGAY_SINH_CT
) VALUES (
  1264,
  'Stuart Taylor',
  'NN',
  119,
  '1996-1-10'
);

INSERT INTO "CAU_THU" (
  ID_CAU_THU,
  TEN_CT,
  LOAI_CT,
  DOI_BONG_ID_DOI_BONG,
  NGAY_SINH_CT
) VALUES (
  1265,
  'Mikkel Andersen',
  'NN',
  119,
  '1996-1-10'
);

INSERT INTO "CAU_THU" (
  ID_CAU_THU,
  TEN_CT,
  LOAI_CT,
  DOI_BONG_ID_DOI_BONG,
  NGAY_SINH_CT
) VALUES (
  1266,
  'Adam Federici',
  'NN',
  119,
  '1996-1-10'
);

INSERT INTO "CAU_THU" (
  ID_CAU_THU,
  TEN_CT,
  LOAI_CT,
  DOI_BONG_ID_DOI_BONG,
  NGAY_SINH_CT
) VALUES (
  1267,
  'Kaspars Gorkss',
  'NN',
  119,
  '1996-1-10'
);

INSERT INTO "CAU_THU" (
  ID_CAU_THU,
  TEN_CT,
  LOAI_CT,
  DOI_BONG_ID_DOI_BONG,
  NGAY_SINH_CT
) VALUES (
  1268,
  'Brynjar Gunnarsson',
  'NN',
  119,
  '1996-1-10'
);

INSERT INTO "CAU_THU" (
  ID_CAU_THU,
  TEN_CT,
  LOAI_CT,
  DOI_BONG_ID_DOI_BONG,
  NGAY_SINH_CT
) VALUES (
  1269,
  'Noel Hunt',
  'NN',
  119,
  '1996-1-10'
);

INSERT INTO "CAU_THU" (
  ID_CAU_THU,
  TEN_CT,
  LOAI_CT,
  DOI_BONG_ID_DOI_BONG,
  NGAY_SINH_CT
) VALUES (
  1270,
  'Jimmy Kebe',
  'NN',
  119,
  '1996-1-10'
);

INSERT INTO "CAU_THU" (
  ID_CAU_THU,
  TEN_CT,
  LOAI_CT,
  DOI_BONG_ID_DOI_BONG,
  NGAY_SINH_CT
) VALUES (
  1271,
  'Pavel Pogrebnyak.',
  'NN',
  119,
  '1996-1-10'
);

INSERT INTO "CAU_THU" (
  ID_CAU_THU,
  TEN_CT,
  LOAI_CT,
  DOI_BONG_ID_DOI_BONG,
  NGAY_SINH_CT
) VALUES (
  1272,
  'Daniel Butterfield',
  'NN',
  114,
  '1996-1-10'
);

INSERT INTO "CAU_THU" (
  ID_CAU_THU,
  TEN_CT,
  LOAI_CT,
  DOI_BONG_ID_DOI_BONG,
  NGAY_SINH_CT
) VALUES (
  1273,
  'Richard Chaplow',
  'NN',
  114,
  '1996-1-10'
);

INSERT INTO "CAU_THU" (
  ID_CAU_THU,
  TEN_CT,
  LOAI_CT,
  DOI_BONG_ID_DOI_BONG,
  NGAY_SINH_CT
) VALUES (
  1274,
  'Jack Cork',
  'NN',
  114,
  '1996-2-15'
);

INSERT INTO "CAU_THU" (
  ID_CAU_THU,
  TEN_CT,
  LOAI_CT,
  DOI_BONG_ID_DOI_BONG,
  NGAY_SINH_CT
) VALUES (
  1275,
  'Kelvin Davis',
  'NN',
  114,
  '1996-2-15'
);

INSERT INTO "CAU_THU" (
  ID_CAU_THU,
  TEN_CT,
  LOAI_CT,
  DOI_BONG_ID_DOI_BONG,
  NGAY_SINH_CT
) VALUES (
  1276,
  'Steven Davis',
  'NN',
  114,
  '1996-2-15'
);

INSERT INTO "CAU_THU" (
  ID_CAU_THU,
  TEN_CT,
  LOAI_CT,
  DOI_BONG_ID_DOI_BONG,
  NGAY_SINH_CT
) VALUES (
  1277,
  'Steve De Ridder',
  'NN',
  114,
  '1996-2-15'
);

INSERT INTO "CAU_THU" (
  ID_CAU_THU,
  TEN_CT,
  LOAI_CT,
  DOI_BONG_ID_DOI_BONG,
  NGAY_SINH_CT
) VALUES (
  1278,
  'Ryan Dickson',
  'NN',
  114,
  '1996-2-15'
);

INSERT INTO "CAU_THU" (
  ID_CAU_THU,
  TEN_CT,
  LOAI_CT,
  DOI_BONG_ID_DOI_BONG,
  NGAY_SINH_CT
) VALUES (
  1279,
  'Guilherme Do Prado',
  'NN',
  114,
  '1996-2-15'
);

INSERT INTO "CAU_THU" (
  ID_CAU_THU,
  TEN_CT,
  LOAI_CT,
  DOI_BONG_ID_DOI_BONG,
  NGAY_SINH_CT
) VALUES (
  1280,
  'Jose Fonte',
  'NN',
  114,
  '1996-2-15'
);

INSERT INTO "CAU_THU" (
  ID_CAU_THU,
  TEN_CT,
  LOAI_CT,
  DOI_BONG_ID_DOI_BONG,
  NGAY_SINH_CT
) VALUES (
  1281,
  'Jonathan Forte',
  'NN',
  114,
  '1996-2-15'
);

INSERT INTO "CAU_THU" (
  ID_CAU_THU,
  TEN_CT,
  LOAI_CT,
  DOI_BONG_ID_DOI_BONG,
  NGAY_SINH_CT
) VALUES (
  1282,
  'Daniel Fox',
  'NN',
  114,
  '1996-2-15'
);

INSERT INTO "CAU_THU" (
  ID_CAU_THU,
  TEN_CT,
  LOAI_CT,
  DOI_BONG_ID_DOI_BONG,
  NGAY_SINH_CT
) VALUES (
  1283,
  'Jos Hooiveld',
  'NN',
  114,
  '1996-2-15'
);

INSERT INTO "CAU_THU" (
  ID_CAU_THU,
  TEN_CT,
  LOAI_CT,
  DOI_BONG_ID_DOI_BONG,
  NGAY_SINH_CT
) VALUES (
  1284,
  'Adam Lallana',
  'NN',
  114,
  '1996-2-15'
);

INSERT INTO "CAU_THU" (
  ID_CAU_THU,
  TEN_CT,
  LOAI_CT,
  DOI_BONG_ID_DOI_BONG,
  NGAY_SINH_CT
) VALUES (
  1285,
  'Rickie Lambert',
  'NN',
  114,
  '1996-2-15'
);

INSERT INTO "CAU_THU" (
  ID_CAU_THU,
  TEN_CT,
  LOAI_CT,
  DOI_BONG_ID_DOI_BONG,
  NGAY_SINH_CT
) VALUES (
  1286,
  'Tadanari Lee',
  'NN',
  114,
  '1996-2-15'
);

INSERT INTO "CAU_THU" (
  ID_CAU_THU,
  TEN_CT,
  LOAI_CT,
  DOI_BONG_ID_DOI_BONG,
  NGAY_SINH_CT
) VALUES (
  1287,
  'Emmanuel Mayuka',
  'NN',
  114,
  '1996-2-15'
);

INSERT INTO "CAU_THU" (
  ID_CAU_THU,
  TEN_CT,
  LOAI_CT,
  DOI_BONG_ID_DOI_BONG,
  NGAY_SINH_CT
) VALUES (
  1288,
  'Jason Puncheon',
  'NN',
  114,
  '1996-2-15'
);

INSERT INTO "CAU_THU" (
  ID_CAU_THU,
  TEN_CT,
  LOAI_CT,
  DOI_BONG_ID_DOI_BONG,
  NGAY_SINH_CT
) VALUES (
  1289,
  'Gaston Ramirez',
  'NN',
  114,
  '1996-2-15'
);

INSERT INTO "CAU_THU" (
  ID_CAU_THU,
  TEN_CT,
  LOAI_CT,
  DOI_BONG_ID_DOI_BONG,
  NGAY_SINH_CT
) VALUES (
  1290,
  'Frazer Richardson',
  'NN',
  114,
  '1996-2-15'
);

INSERT INTO "CAU_THU" (
  ID_CAU_THU,
  TEN_CT,
  LOAI_CT,
  DOI_BONG_ID_DOI_BONG,
  NGAY_SINH_CT
) VALUES (
  1291,
  'Jay Rodriguez',
  'NN',
  114,
  '1996-2-15'
);

INSERT INTO "CAU_THU" (
  ID_CAU_THU,
  TEN_CT,
  LOAI_CT,
  DOI_BONG_ID_DOI_BONG,
  NGAY_SINH_CT
) VALUES (
  1292,
  'Morgan Schneiderlin',
  'NN',
  114,
  '1996-2-15'
);

INSERT INTO "CAU_THU" (
  ID_CAU_THU,
  TEN_CT,
  LOAI_CT,
  DOI_BONG_ID_DOI_BONG,
  NGAY_SINH_CT
) VALUES (
  1293,
  'Daniel Seaborne',
  'NN',
  114,
  '1996-2-15'
);

INSERT INTO "CAU_THU" (
  ID_CAU_THU,
  TEN_CT,
  LOAI_CT,
  DOI_BONG_ID_DOI_BONG,
  NGAY_SINH_CT
) VALUES (
  1294,
  'Maya Yoshida.',
  'NN',
  114,
  '1996-4-15'
);

INSERT INTO "CAU_THU" (
  ID_CAU_THU,
  TEN_CT,
  LOAI_CT,
  DOI_BONG_ID_DOI_BONG,
  NGAY_SINH_CT
) VALUES (
  1295,
  'Charlie Adam',
  'NN',
  113,
  '1996-7-15'
);

INSERT INTO "CAU_THU" (
  ID_CAU_THU,
  TEN_CT,
  LOAI_CT,
  DOI_BONG_ID_DOI_BONG,
  NGAY_SINH_CT
) VALUES (
  1296,
  'Asmir Begovic',
  'NN',
  113,
  '1996-2-15'
);

INSERT INTO "CAU_THU" (
  ID_CAU_THU,
  TEN_CT,
  LOAI_CT,
  DOI_BONG_ID_DOI_BONG,
  NGAY_SINH_CT
) VALUES (
  1297,
  'Geoff Cameron',
  'NN',
  113,
  '1996-2-15'
);

INSERT INTO "CAU_THU" (
  ID_CAU_THU,
  TEN_CT,
  LOAI_CT,
  DOI_BONG_ID_DOI_BONG,
  NGAY_SINH_CT
) VALUES (
  1298,
  'Peter Crouch',
  'NN',
  113,
  '1999-2-15'
);

INSERT INTO "CAU_THU" (
  ID_CAU_THU,
  TEN_CT,
  LOAI_CT,
  DOI_BONG_ID_DOI_BONG,
  NGAY_SINH_CT
) VALUES (
  1299,
  'Rory Delap',
  'NN',
  113,
  '1990-2-15'
);

INSERT INTO "CAU_THU" (
  ID_CAU_THU,
  TEN_CT,
  LOAI_CT,
  DOI_BONG_ID_DOI_BONG,
  NGAY_SINH_CT
) VALUES (
  1300,
  'Maurice Edu',
  'NN',
  113,
  '1996-2-15'
);

INSERT INTO "CAU_THU" (
  ID_CAU_THU,
  TEN_CT,
  LOAI_CT,
  DOI_BONG_ID_DOI_BONG,
  NGAY_SINH_CT
) VALUES (
  1301,
  'Matthew Etherington',
  'NN',
  113,
  '1996-2-15'
);

INSERT INTO "CAU_THU" (
  ID_CAU_THU,
  TEN_CT,
  LOAI_CT,
  DOI_BONG_ID_DOI_BONG,
  NGAY_SINH_CT
) VALUES (
  1302,
  'Robert Huth',
  'NN',
  113,
  '1996-3-17'
);

INSERT INTO "CAU_THU" (
  ID_CAU_THU,
  TEN_CT,
  LOAI_CT,
  DOI_BONG_ID_DOI_BONG,
  NGAY_SINH_CT
) VALUES (
  1303,
  'Cameron Jerome',
  'NN',
  113,
  '1996-3-17'
);

INSERT INTO "CAU_THU" (
  ID_CAU_THU,
  TEN_CT,
  LOAI_CT,
  DOI_BONG_ID_DOI_BONG,
  NGAY_SINH_CT
) VALUES (
  1304,
  'Kenwyne Jones',
  'NN',
  113,
  '1996-3-17'
);

INSERT INTO "CAU_THU" (
  ID_CAU_THU,
  TEN_CT,
  LOAI_CT,
  DOI_BONG_ID_DOI_BONG,
  NGAY_SINH_CT
) VALUES (
  1305,
  'Michael Kightly',
  'NN',
  113,
  '1996-3-17'
);

INSERT INTO "CAU_THU" (
  ID_CAU_THU,
  TEN_CT,
  LOAI_CT,
  DOI_BONG_ID_DOI_BONG,
  NGAY_SINH_CT
) VALUES (
  1306,
  'Carlo Nash',
  'NN',
  113,
  '1996-3-17'
);

INSERT INTO "CAU_THU" (
  ID_CAU_THU,
  TEN_CT,
  LOAI_CT,
  DOI_BONG_ID_DOI_BONG,
  NGAY_SINH_CT
) VALUES (
  1307,
  'Steven NZonzi',
  'NN',
  113,
  '1996-3-17'
);

INSERT INTO "CAU_THU" (
  ID_CAU_THU,
  TEN_CT,
  LOAI_CT,
  DOI_BONG_ID_DOI_BONG,
  NGAY_SINH_CT
) VALUES (
  1308,
  'Michael Owen',
  'NN',
  113,
  '1996-3-17'
);

INSERT INTO "CAU_THU" (
  ID_CAU_THU,
  TEN_CT,
  LOAI_CT,
  DOI_BONG_ID_DOI_BONG,
  NGAY_SINH_CT
) VALUES (
  1309,
  'Wilson Palacios',
  'NN',
  113,
  '1996-3-17'
);

INSERT INTO "CAU_THU" (
  ID_CAU_THU,
  TEN_CT,
  LOAI_CT,
  DOI_BONG_ID_DOI_BONG,
  NGAY_SINH_CT
) VALUES (
  1310,
  'Jermaine Pennant',
  'NN',
  113,
  '1996-3-17'
);

INSERT INTO "CAU_THU" (
  ID_CAU_THU,
  TEN_CT,
  LOAI_CT,
  DOI_BONG_ID_DOI_BONG,
  NGAY_SINH_CT
) VALUES (
  1311,
  'Ryan Shawcross',
  'NN',
  113,
  '1996-3-17'
);

INSERT INTO "CAU_THU" (
  ID_CAU_THU,
  TEN_CT,
  LOAI_CT,
  DOI_BONG_ID_DOI_BONG,
  NGAY_SINH_CT
) VALUES (
  1312,
  'Ryan Shotton',
  'NN',
  113,
  '1996-3-17'
);

INSERT INTO "CAU_THU" (
  ID_CAU_THU,
  TEN_CT,
  LOAI_CT,
  DOI_BONG_ID_DOI_BONG,
  NGAY_SINH_CT
) VALUES (
  1313,
  'Thomas Sorensen',
  'NN',
  113,
  '1996-3-17'
);

INSERT INTO "CAU_THU" (
  ID_CAU_THU,
  TEN_CT,
  LOAI_CT,
  DOI_BONG_ID_DOI_BONG,
  NGAY_SINH_CT
) VALUES (
  1314,
  'Matthew Upson',
  'NN',
  113,
  '1996-3-17'
);

INSERT INTO "CAU_THU" (
  ID_CAU_THU,
  TEN_CT,
  LOAI_CT,
  DOI_BONG_ID_DOI_BONG,
  NGAY_SINH_CT
) VALUES (
  1315,
  'Jonathan Walters',
  'NN',
  113,
  '1996-3-17'
);

INSERT INTO "CAU_THU" (
  ID_CAU_THU,
  TEN_CT,
  LOAI_CT,
  DOI_BONG_ID_DOI_BONG,
  NGAY_SINH_CT
) VALUES (
  1316,
  'Glenn Whelan',
  'NN',
  113,
  '1996-3-17'
);

INSERT INTO "CAU_THU" (
  ID_CAU_THU,
  TEN_CT,
  LOAI_CT,
  DOI_BONG_ID_DOI_BONG,
  NGAY_SINH_CT
) VALUES (
  1317,
  'Dean Whitehead',
  'NN',
  113,
  '1996-3-17'
);

INSERT INTO "CAU_THU" (
  ID_CAU_THU,
  TEN_CT,
  LOAI_CT,
  DOI_BONG_ID_DOI_BONG,
  NGAY_SINH_CT
) VALUES (
  1318,
  'Andy Wilkinson',
  'NN',
  113,
  '1996-3-17'
);

INSERT INTO "CAU_THU" (
  ID_CAU_THU,
  TEN_CT,
  LOAI_CT,
  DOI_BONG_ID_DOI_BONG,
  NGAY_SINH_CT
) VALUES (
  1319,
  'Marc Wilson.',
  'NN',
  113,
  '1996-3-17'
);

INSERT INTO "CAU_THU" (
  ID_CAU_THU,
  TEN_CT,
  LOAI_CT,
  DOI_BONG_ID_DOI_BONG,
  NGAY_SINH_CT
) VALUES (
  1320,
  'Phillip Bardsley',
  'NN',
  117,
  '1996-3-17'
);

INSERT INTO "CAU_THU" (
  ID_CAU_THU,
  TEN_CT,
  LOAI_CT,
  DOI_BONG_ID_DOI_BONG,
  NGAY_SINH_CT
) VALUES (
  1321,
  'Titus Bramble',
  'NN',
  117,
  '1996-3-17'
);

INSERT INTO "CAU_THU" (
  ID_CAU_THU,
  TEN_CT,
  LOAI_CT,
  DOI_BONG_ID_DOI_BONG,
  NGAY_SINH_CT
) VALUES (
  1322,
  'Wesley Brown',
  'NN',
  117,
  '1996-3-17'
);

INSERT INTO "CAU_THU" (
  ID_CAU_THU,
  TEN_CT,
  LOAI_CT,
  DOI_BONG_ID_DOI_BONG,
  NGAY_SINH_CT
) VALUES (
  1323,
  'Frazier Campbell',
  'NN',
  117,
  '1996-3-17'
);

INSERT INTO "CAU_THU" (
  ID_CAU_THU,
  TEN_CT,
  LOAI_CT,
  DOI_BONG_ID_DOI_BONG,
  NGAY_SINH_CT
) VALUES (
  1324,
  'Lee Cattermole',
  'NN',
  117,
  '1996-3-17'
);

INSERT INTO "CAU_THU" (
  ID_CAU_THU,
  TEN_CT,
  LOAI_CT,
  DOI_BONG_ID_DOI_BONG,
  NGAY_SINH_CT
) VALUES (
  1325,
  'Jack Colback',
  'NN',
  117,
  '1996-3-17'
);

INSERT INTO "CAU_THU" (
  ID_CAU_THU,
  TEN_CT,
  LOAI_CT,
  DOI_BONG_ID_DOI_BONG,
  NGAY_SINH_CT
) VALUES (
  1326,
  'Carlos Cuellar',
  'NN',
  117,
  '1996-3-17'
);

INSERT INTO "CAU_THU" (
  ID_CAU_THU,
  TEN_CT,
  LOAI_CT,
  DOI_BONG_ID_DOI_BONG,
  NGAY_SINH_CT
) VALUES (
  1327,
  'Steven Fletcher',
  'NN',
  117,
  '1996-3-17'
);

INSERT INTO "CAU_THU" (
  ID_CAU_THU,
  TEN_CT,
  LOAI_CT,
  DOI_BONG_ID_DOI_BONG,
  NGAY_SINH_CT
) VALUES (
  1328,
  'Craig Gardner',
  'NN',
  117,
  '1996-3-17'
);

INSERT INTO "CAU_THU" (
  ID_CAU_THU,
  TEN_CT,
  LOAI_CT,
  DOI_BONG_ID_DOI_BONG,
  NGAY_SINH_CT
) VALUES (
  1329,
  'Adam Johnson',
  'NN',
  117,
  '1996-3-17'
);

INSERT INTO "CAU_THU" (
  ID_CAU_THU,
  TEN_CT,
  LOAI_CT,
  DOI_BONG_ID_DOI_BONG,
  NGAY_SINH_CT
) VALUES (
  1330,
  'Matthew Kilgallon',
  'NN',
  117,
  '1996-3-17'
);

INSERT INTO "CAU_THU" (
  ID_CAU_THU,
  TEN_CT,
  LOAI_CT,
  DOI_BONG_ID_DOI_BONG,
  NGAY_SINH_CT
) VALUES (
  1331,
  'Sebastian Larsson',
  'NN',
  117,
  '1996-4-28'
);

INSERT INTO "CAU_THU" (
  ID_CAU_THU,
  TEN_CT,
  LOAI_CT,
  DOI_BONG_ID_DOI_BONG,
  NGAY_SINH_CT
) VALUES (
  1332,
  'James McClean',
  'NN',
  117,
  '1996-4-28'
);

INSERT INTO "CAU_THU" (
  ID_CAU_THU,
  TEN_CT,
  LOAI_CT,
  DOI_BONG_ID_DOI_BONG,
  NGAY_SINH_CT
) VALUES (
  1333,
  'David Meyler',
  'NN',
  117,
  '1996-4-28'
);

INSERT INTO "CAU_THU" (
  ID_CAU_THU,
  TEN_CT,
  LOAI_CT,
  DOI_BONG_ID_DOI_BONG,
  NGAY_SINH_CT
) VALUES (
  1334,
  'Simon Mignolet',
  'NN',
  117,
  '1996-4-28'
);

INSERT INTO "CAU_THU" (
  ID_CAU_THU,
  TEN_CT,
  LOAI_CT,
  DOI_BONG_ID_DOI_BONG,
  NGAY_SINH_CT
) VALUES (
  1335,
  'John O''Shea',
  'NN',
  117,
  '1996-4-28'
);

INSERT INTO "CAU_THU" (
  ID_CAU_THU,
  TEN_CT,
  LOAI_CT,
  DOI_BONG_ID_DOI_BONG,
  NGAY_SINH_CT
) VALUES (
  1336,
  'Daniel Rose',
  'NN',
  117,
  '1996-4-28'
);

INSERT INTO "CAU_THU" (
  ID_CAU_THU,
  TEN_CT,
  LOAI_CT,
  DOI_BONG_ID_DOI_BONG,
  NGAY_SINH_CT
) VALUES (
  1337,
  'Louis Saha',
  'NN',
  117,
  '1996-4-28'
);

INSERT INTO "CAU_THU" (
  ID_CAU_THU,
  TEN_CT,
  LOAI_CT,
  DOI_BONG_ID_DOI_BONG,
  NGAY_SINH_CT
) VALUES (
  1338,
  'Stephane Sessegnon',
  'NN',
  117,
  '1996-4-28'
);

INSERT INTO "CAU_THU" (
  ID_CAU_THU,
  TEN_CT,
  LOAI_CT,
  DOI_BONG_ID_DOI_BONG,
  NGAY_SINH_CT
) VALUES (
  1339,
  'David Vaughan',
  'NN',
  117,
  '1996-4-28'
);

INSERT INTO "CAU_THU" (
  ID_CAU_THU,
  TEN_CT,
  LOAI_CT,
  DOI_BONG_ID_DOI_BONG,
  NGAY_SINH_CT
) VALUES (
  1340,
  'Keiren Westwood.',
  'NN',
  117,
  '1996-4-28'
);

INSERT INTO "CAU_THU" (
  ID_CAU_THU,
  TEN_CT,
  LOAI_CT,
  DOI_BONG_ID_DOI_BONG,
  NGAY_SINH_CT
) VALUES (
  1341,
  'Germaine Agustien',
  'NN',
  109,
  '1996-4-28'
);

INSERT INTO "CAU_THU" (
  ID_CAU_THU,
  TEN_CT,
  LOAI_CT,
  DOI_BONG_ID_DOI_BONG,
  NGAY_SINH_CT
) VALUES (
  1342,
  'Leon Britton',
  'NN',
  109,
  '1996-4-28'
);

INSERT INTO "CAU_THU" (
  ID_CAU_THU,
  TEN_CT,
  LOAI_CT,
  DOI_BONG_ID_DOI_BONG,
  NGAY_SINH_CT
) VALUES (
  1343,
  'Jonathan De Guzman',
  'NN',
  109,
  '1996-4-28'
);

INSERT INTO "CAU_THU" (
  ID_CAU_THU,
  TEN_CT,
  LOAI_CT,
  DOI_BONG_ID_DOI_BONG,
  NGAY_SINH_CT
) VALUES (
  1344,
  'Nathan Dyer',
  'NN',
  109,
  '1996-4-28'
);

INSERT INTO "CAU_THU" (
  ID_CAU_THU,
  TEN_CT,
  LOAI_CT,
  DOI_BONG_ID_DOI_BONG,
  NGAY_SINH_CT
) VALUES (
  1345,
  'Jose Manuel Flores',
  'NN',
  109,
  '1996-4-28'
);

INSERT INTO "CAU_THU" (
  ID_CAU_THU,
  TEN_CT,
  LOAI_CT,
  DOI_BONG_ID_DOI_BONG,
  NGAY_SINH_CT
) VALUES (
  1346,
  'Mark Gower',
  'NN',
  109,
  '1996-4-28'
);

INSERT INTO "CAU_THU" (
  ID_CAU_THU,
  TEN_CT,
  LOAI_CT,
  DOI_BONG_ID_DOI_BONG,
  NGAY_SINH_CT
) VALUES (
  1347,
  'Daniel Graham',
  'NN',
  109,
  '1996-4-28'
);

INSERT INTO "CAU_THU" (
  ID_CAU_THU,
  TEN_CT,
  LOAI_CT,
  DOI_BONG_ID_DOI_BONG,
  NGAY_SINH_CT
) VALUES (
  1348,
  'Pablo Hernandez',
  'NN',
  109,
  '1996-4-28'
);

INSERT INTO "CAU_THU" (
  ID_CAU_THU,
  TEN_CT,
  LOAI_CT,
  DOI_BONG_ID_DOI_BONG,
  NGAY_SINH_CT
) VALUES (
  1349,
  'Sung Yeung Ki',
  'NN',
  109,
  '1996-4-28'
);

INSERT INTO "CAU_THU" (
  ID_CAU_THU,
  TEN_CT,
  LOAI_CT,
  DOI_BONG_ID_DOI_BONG,
  NGAY_SINH_CT
) VALUES (
  1350,
  'Leroy Lita',
  'NN',
  109,
  '1996-4-28'
);

INSERT INTO "CAU_THU" (
  ID_CAU_THU,
  TEN_CT,
  LOAI_CT,
  DOI_BONG_ID_DOI_BONG,
  NGAY_SINH_CT
) VALUES (
  1351,
  'Michu',
  'NN',
  109,
  '1996-4-28'
);

INSERT INTO "CAU_THU" (
  ID_CAU_THU,
  TEN_CT,
  LOAI_CT,
  DOI_BONG_ID_DOI_BONG,
  NGAY_SINH_CT
) VALUES (
  1352,
  'Garry Monk',
  'NN',
  109,
  '1996-4-28'
);

INSERT INTO "CAU_THU" (
  ID_CAU_THU,
  TEN_CT,
  LOAI_CT,
  DOI_BONG_ID_DOI_BONG,
  NGAY_SINH_CT
) VALUES (
  1353,
  'Luke Moore',
  'NN',
  109,
  '1996-4-28'
);

INSERT INTO "CAU_THU" (
  ID_CAU_THU,
  TEN_CT,
  LOAI_CT,
  DOI_BONG_ID_DOI_BONG,
  NGAY_SINH_CT
) VALUES (
  1354,
  'Curtis Obeng',
  'NN',
  109,
  '1996-4-28'
);

INSERT INTO "CAU_THU" (
  ID_CAU_THU,
  TEN_CT,
  LOAI_CT,
  DOI_BONG_ID_DOI_BONG,
  NGAY_SINH_CT
) VALUES (
  1355,
  'Wayne Routledge',
  'NN',
  109,
  '1996-4-28'
);

INSERT INTO "CAU_THU" (
  ID_CAU_THU,
  TEN_CT,
  LOAI_CT,
  DOI_BONG_ID_DOI_BONG,
  NGAY_SINH_CT
) VALUES (
  1356,
  'Etey Shechter',
  'NN',
  109,
  '1999-4-28'
);

INSERT INTO "CAU_THU" (
  ID_CAU_THU,
  TEN_CT,
  LOAI_CT,
  DOI_BONG_ID_DOI_BONG,
  NGAY_SINH_CT
) VALUES (
  1357,
  'Alan Tate',
  'NN',
  109,
  '1996-4-28'
);

INSERT INTO "CAU_THU" (
  ID_CAU_THU,
  TEN_CT,
  LOAI_CT,
  DOI_BONG_ID_DOI_BONG,
  NGAY_SINH_CT
) VALUES (
  1358,
  'Neil Taylor',
  'NN',
  109,
  '1996-4-28'
);

INSERT INTO "CAU_THU" (
  ID_CAU_THU,
  TEN_CT,
  LOAI_CT,
  DOI_BONG_ID_DOI_BONG,
  NGAY_SINH_CT
) VALUES (
  1359,
  'Gerhard Tremmel',
  'NN',
  109,
  '1996-4-28'
);

INSERT INTO "CAU_THU" (
  ID_CAU_THU,
  TEN_CT,
  LOAI_CT,
  DOI_BONG_ID_DOI_BONG,
  NGAY_SINH_CT
) VALUES (
  1360,
  'Michel Vorm',
  'NN',
  109,
  '1996-4-28'
);

INSERT INTO "CAU_THU" (
  ID_CAU_THU,
  TEN_CT,
  LOAI_CT,
  DOI_BONG_ID_DOI_BONG,
  NGAY_SINH_CT
) VALUES (
  1361,
  'Ashley Williams',
  'NN',
  109,
  '1996-4-28'
);

INSERT INTO "CAU_THU" (
  ID_CAU_THU,
  TEN_CT,
  LOAI_CT,
  DOI_BONG_ID_DOI_BONG,
  NGAY_SINH_CT
) VALUES (
  1362,
  'Angel Rangel.',
  'NN',
  109,
  '1996-4-28'
);

INSERT INTO "CAU_THU" (
  ID_CAU_THU,
  TEN_CT,
  LOAI_CT,
  DOI_BONG_ID_DOI_BONG,
  NGAY_SINH_CT
) VALUES (
  1363,
  'Heurelho Gomes',
  'NN',
  105,
  '1996-5-16'
);

INSERT INTO "CAU_THU" (
  ID_CAU_THU,
  TEN_CT,
  LOAI_CT,
  DOI_BONG_ID_DOI_BONG,
  NGAY_SINH_CT
) VALUES (
  1364,
  'Carlo Cudicini',
  'NN',
  105,
  '1996-5-16'
);

INSERT INTO "CAU_THU" (
  ID_CAU_THU,
  TEN_CT,
  LOAI_CT,
  DOI_BONG_ID_DOI_BONG,
  NGAY_SINH_CT
) VALUES (
  1365,
  'Bradley Friedel',
  'NN',
  105,
  '1996-5-16'
);

INSERT INTO "CAU_THU" (
  ID_CAU_THU,
  TEN_CT,
  LOAI_CT,
  DOI_BONG_ID_DOI_BONG,
  NGAY_SINH_CT
) VALUES (
  1366,
  'Hugo Lloris',
  'NN',
  105,
  '1996-5-16'
);

INSERT INTO "CAU_THU" (
  ID_CAU_THU,
  TEN_CT,
  LOAI_CT,
  DOI_BONG_ID_DOI_BONG,
  NGAY_SINH_CT
) VALUES (
  1367,
  'Younes Kaboul',
  'NN',
  105,
  '1996-5-16'
);

INSERT INTO "CAU_THU" (
  ID_CAU_THU,
  TEN_CT,
  LOAI_CT,
  DOI_BONG_ID_DOI_BONG,
  NGAY_SINH_CT
) VALUES (
  1368,
  'William Gallas',
  'NN',
  105,
  '1996-5-16'
);

INSERT INTO "CAU_THU" (
  ID_CAU_THU,
  TEN_CT,
  LOAI_CT,
  DOI_BONG_ID_DOI_BONG,
  NGAY_SINH_CT
) VALUES (
  1369,
  'Emmanuel Adebayor',
  'NN',
  105,
  '1996-5-16'
);

INSERT INTO "CAU_THU" (
  ID_CAU_THU,
  TEN_CT,
  LOAI_CT,
  DOI_BONG_ID_DOI_BONG,
  NGAY_SINH_CT
) VALUES (
  1370,
  'Jan Vertonghen',
  'NN',
  105,
  '1996-5-16'
);

INSERT INTO "CAU_THU" (
  ID_CAU_THU,
  TEN_CT,
  LOAI_CT,
  DOI_BONG_ID_DOI_BONG,
  NGAY_SINH_CT
) VALUES (
  1371,
  'Benoit Assou-Ekotto',
  'NN',
  105,
  '1996-5-16'
);

INSERT INTO "CAU_THU" (
  ID_CAU_THU,
  TEN_CT,
  LOAI_CT,
  DOI_BONG_ID_DOI_BONG,
  NGAY_SINH_CT
) VALUES (
  1372,
  'Sandro',
  'NN',
  105,
  '1996-5-16'
);

INSERT INTO "CAU_THU" (
  ID_CAU_THU,
  TEN_CT,
  LOAI_CT,
  DOI_BONG_ID_DOI_BONG,
  NGAY_SINH_CT
) VALUES (
  1373,
  'Yago Falque',
  'NN',
  105,
  '1996-5-16'
);

INSERT INTO "CAU_THU" (
  ID_CAU_THU,
  TEN_CT,
  LOAI_CT,
  DOI_BONG_ID_DOI_BONG,
  NGAY_SINH_CT
) VALUES (
  1374,
  'Gylfi Sigurdsson',
  'NN',
  105,
  '1996-5-16'
);

INSERT INTO "CAU_THU" (
  ID_CAU_THU,
  TEN_CT,
  LOAI_CT,
  DOI_BONG_ID_DOI_BONG,
  NGAY_SINH_CT
) VALUES (
  1375,
  'Clint Dempsey',
  'NN',
  105,
  '1996-5-16'
);

INSERT INTO "CAU_THU" (
  ID_CAU_THU,
  TEN_CT,
  LOAI_CT,
  DOI_BONG_ID_DOI_BONG,
  NGAY_SINH_CT
) VALUES (
  1376,
  'Aaron Lennon',
  'NN',
  105,
  '1996-5-16'
);

INSERT INTO "CAU_THU" (
  ID_CAU_THU,
  TEN_CT,
  LOAI_CT,
  DOI_BONG_ID_DOI_BONG,
  NGAY_SINH_CT
) VALUES (
  1377,
  'Kyle Walker',
  'NN',
  105,
  '1996-5-16'
);

INSERT INTO "CAU_THU" (
  ID_CAU_THU,
  TEN_CT,
  LOAI_CT,
  DOI_BONG_ID_DOI_BONG,
  NGAY_SINH_CT
) VALUES (
  1378,
  'Kyle Naughton',
  'NN',
  105,
  '1996-5-16'
);

INSERT INTO "CAU_THU" (
  ID_CAU_THU,
  TEN_CT,
  LOAI_CT,
  DOI_BONG_ID_DOI_BONG,
  NGAY_SINH_CT
) VALUES (
  1379,
  'Michael Dawson',
  'NN',
  105,
  '1996-5-16'
);

INSERT INTO "CAU_THU" (
  ID_CAU_THU,
  TEN_CT,
  LOAI_CT,
  DOI_BONG_ID_DOI_BONG,
  NGAY_SINH_CT
) VALUES (
  1380,
  'Mousa Dembele',
  'NN',
  105,
  '1996-5-16'
);

INSERT INTO "CAU_THU" (
  ID_CAU_THU,
  TEN_CT,
  LOAI_CT,
  DOI_BONG_ID_DOI_BONG,
  NGAY_SINH_CT
) VALUES (
  1381,
  'Thomas Huddlestone',
  'NN',
  105,
  '1996-5-16'
);

INSERT INTO "CAU_THU" (
  ID_CAU_THU,
  TEN_CT,
  LOAI_CT,
  DOI_BONG_ID_DOI_BONG,
  NGAY_SINH_CT
) VALUES (
  1382,
  'Scott Parker',
  'NN',
  105,
  '1996-5-16'
);

INSERT INTO "CAU_THU" (
  ID_CAU_THU,
  TEN_CT,
  LOAI_CT,
  DOI_BONG_ID_DOI_BONG,
  NGAY_SINH_CT
) VALUES (
  1383,
  'Jake Livermore',
  'NN',
  105,
  '1996-5-16'
);

INSERT INTO "CAU_THU" (
  ID_CAU_THU,
  TEN_CT,
  LOAI_CT,
  DOI_BONG_ID_DOI_BONG,
  NGAY_SINH_CT
) VALUES (
  1384,
  'Jermaine Jenas',
  'NN',
  105,
  '1996-5-16'
);

INSERT INTO "CAU_THU" (
  ID_CAU_THU,
  TEN_CT,
  LOAI_CT,
  DOI_BONG_ID_DOI_BONG,
  NGAY_SINH_CT
) VALUES (
  1385,
  'Gareth Bale',
  'NN',
  105,
  '1996-5-16'
);

INSERT INTO "CAU_THU" (
  ID_CAU_THU,
  TEN_CT,
  LOAI_CT,
  DOI_BONG_ID_DOI_BONG,
  NGAY_SINH_CT
) VALUES (
  1386,
  'Jermain Defoe',
  'NN',
  105,
  '1996-5-16'
);

INSERT INTO "CAU_THU" (
  ID_CAU_THU,
  TEN_CT,
  LOAI_CT,
  DOI_BONG_ID_DOI_BONG,
  NGAY_SINH_CT
) VALUES (
  1387,
  'David Bentley.',
  'NN',
  105,
  '1996-5-16'
);

INSERT INTO "CAU_THU" (
  ID_CAU_THU,
  TEN_CT,
  LOAI_CT,
  DOI_BONG_ID_DOI_BONG,
  NGAY_SINH_CT
) VALUES (
  1388,
  'Christopher Brunt',
  'NN',
  108,
  '1996-5-16'
);

INSERT INTO "CAU_THU" (
  ID_CAU_THU,
  TEN_CT,
  LOAI_CT,
  DOI_BONG_ID_DOI_BONG,
  NGAY_SINH_CT
) VALUES (
  1389,
  'Luke Daniels',
  'NN',
  108,
  '1996-5-16'
);

INSERT INTO "CAU_THU" (
  ID_CAU_THU,
  TEN_CT,
  LOAI_CT,
  DOI_BONG_ID_DOI_BONG,
  NGAY_SINH_CT
) VALUES (
  1390,
  'Craig Dawson',
  'NN',
  108,
  '1996-5-16'
);

INSERT INTO "CAU_THU" (
  ID_CAU_THU,
  TEN_CT,
  LOAI_CT,
  DOI_BONG_ID_DOI_BONG,
  NGAY_SINH_CT
) VALUES (
  1391,
  'Graham Dorrans',
  'NN',
  108,
  '1996-5-16'
);

INSERT INTO "CAU_THU" (
  ID_CAU_THU,
  TEN_CT,
  LOAI_CT,
  DOI_BONG_ID_DOI_BONG,
  NGAY_SINH_CT
) VALUES (
  1392,
  'Yassine El Ghanassy',
  'NN',
  108,
  '1996-5-16'
);

INSERT INTO "CAU_THU" (
  ID_CAU_THU,
  TEN_CT,
  LOAI_CT,
  DOI_BONG_ID_DOI_BONG,
  NGAY_SINH_CT
) VALUES (
  1393,
  'Marc-Antoine Fortune',
  'NN',
  108,
  '1996-5-16'
);

INSERT INTO "CAU_THU" (
  ID_CAU_THU,
  TEN_CT,
  LOAI_CT,
  DOI_BONG_ID_DOI_BONG,
  NGAY_SINH_CT
) VALUES (
  1394,
  'Ben Foster',
  'NN',
  108,
  '1996-5-16'
);

INSERT INTO "CAU_THU" (
  ID_CAU_THU,
  TEN_CT,
  LOAI_CT,
  DOI_BONG_ID_DOI_BONG,
  NGAY_SINH_CT
) VALUES (
  1395,
  'Zoltan Gera',
  'NN',
  108,
  '1996-5-16'
);

INSERT INTO "CAU_THU" (
  ID_CAU_THU,
  TEN_CT,
  LOAI_CT,
  DOI_BONG_ID_DOI_BONG,
  NGAY_SINH_CT
) VALUES (
  1396,
  'Gonzalo Jara',
  'NN',
  108,
  '1996-5-16'
);

INSERT INTO "CAU_THU" (
  ID_CAU_THU,
  TEN_CT,
  LOAI_CT,
  DOI_BONG_ID_DOI_BONG,
  NGAY_SINH_CT
) VALUES (
  1397,
  'Billy Jones',
  'NN',
  108,
  '1996-6-14'
);

INSERT INTO "CAU_THU" (
  ID_CAU_THU,
  TEN_CT,
  LOAI_CT,
  DOI_BONG_ID_DOI_BONG,
  NGAY_SINH_CT
) VALUES (
  1398,
  'Shane Long',
  'NN',
  108,
  '1996-6-14'
);

INSERT INTO "CAU_THU" (
  ID_CAU_THU,
  TEN_CT,
  LOAI_CT,
  DOI_BONG_ID_DOI_BONG,
  NGAY_SINH_CT
) VALUES (
  1399,
  'Gareth McAuley',
  'NN',
  108,
  '1996-6-14'
);

INSERT INTO "CAU_THU" (
  ID_CAU_THU,
  TEN_CT,
  LOAI_CT,
  DOI_BONG_ID_DOI_BONG,
  NGAY_SINH_CT
) VALUES (
  1400,
  'James Morrison',
  'NN',
  108,
  '1996-6-14'
);

INSERT INTO "CAU_THU" (
  ID_CAU_THU,
  TEN_CT,
  LOAI_CT,
  DOI_BONG_ID_DOI_BONG,
  NGAY_SINH_CT
) VALUES (
  1401,
  'Youssouf Mulumbu',
  'NN',
  108,
  '1996-6-14'
);

INSERT INTO "CAU_THU" (
  ID_CAU_THU,
  TEN_CT,
  LOAI_CT,
  DOI_BONG_ID_DOI_BONG,
  NGAY_SINH_CT
) VALUES (
  1402,
  'Glyn Myhill',
  'NN',
  108,
  '1996-6-14'
);

INSERT INTO "CAU_THU" (
  ID_CAU_THU,
  TEN_CT,
  LOAI_CT,
  DOI_BONG_ID_DOI_BONG,
  NGAY_SINH_CT
) VALUES (
  1403,
  'Peter Odemwingie',
  'NN',
  108,
  '1996-6-14'
);

INSERT INTO "CAU_THU" (
  ID_CAU_THU,
  TEN_CT,
  LOAI_CT,
  DOI_BONG_ID_DOI_BONG,
  NGAY_SINH_CT
) VALUES (
  1404,
  'Jonas Olsson',
  'NN',
  108,
  '1996-6-14'
);

INSERT INTO "CAU_THU" (
  ID_CAU_THU,
  TEN_CT,
  LOAI_CT,
  DOI_BONG_ID_DOI_BONG,
  NGAY_SINH_CT
) VALUES (
  1405,
  'Goran Popov',
  'NN',
  108,
  '1996-6-14'
);

INSERT INTO "CAU_THU" (
  ID_CAU_THU,
  TEN_CT,
  LOAI_CT,
  DOI_BONG_ID_DOI_BONG,
  NGAY_SINH_CT
) VALUES (
  1406,
  'Steven Reid',
  'TN',
  108,
  '1996-6-14'
);

INSERT INTO "CAU_THU" (
  ID_CAU_THU,
  TEN_CT,
  LOAI_CT,
  DOI_BONG_ID_DOI_BONG,
  NGAY_SINH_CT
) VALUES (
  1407,
  'Liam Ridgewell',
  'TN',
  108,
  '1996-6-14'
);

INSERT INTO "CAU_THU" (
  ID_CAU_THU,
  TEN_CT,
  LOAI_CT,
  DOI_BONG_ID_DOI_BONG,
  NGAY_SINH_CT
) VALUES (
  1408,
  'Nils Rosenberg',
  'TN',
  108,
  '1996-6-14'
);

INSERT INTO "CAU_THU" (
  ID_CAU_THU,
  TEN_CT,
  LOAI_CT,
  DOI_BONG_ID_DOI_BONG,
  NGAY_SINH_CT
) VALUES (
  1409,
  'Gabriel Tamas',
  'TN',
  108,
  '1996-6-14'
);

INSERT INTO "CAU_THU" (
  ID_CAU_THU,
  TEN_CT,
  LOAI_CT,
  DOI_BONG_ID_DOI_BONG,
  NGAY_SINH_CT
) VALUES (
  1410,
  'Jerome Thomas',
  'TN',
  108,
  '1996-6-14'
);

INSERT INTO "CAU_THU" (
  ID_CAU_THU,
  TEN_CT,
  LOAI_CT,
  DOI_BONG_ID_DOI_BONG,
  NGAY_SINH_CT
) VALUES (
  1411,
  'Claudio Yacob.',
  'TN',
  108,
  '1996-6-14'
);

INSERT INTO "CAU_THU" (
  ID_CAU_THU,
  TEN_CT,
  LOAI_CT,
  DOI_BONG_ID_DOI_BONG,
  NGAY_SINH_CT
) VALUES (
  1412,
  'Yossi Benayoun',
  'TN',
  110,
  '1996-6-14'
);

INSERT INTO "CAU_THU" (
  ID_CAU_THU,
  TEN_CT,
  LOAI_CT,
  DOI_BONG_ID_DOI_BONG,
  NGAY_SINH_CT
) VALUES (
  1413,
  'Andrew Carroll',
  'TN',
  110,
  '1996-6-14'
);

INSERT INTO "CAU_THU" (
  ID_CAU_THU,
  TEN_CT,
  LOAI_CT,
  DOI_BONG_ID_DOI_BONG,
  NGAY_SINH_CT
) VALUES (
  1414,
  'Carlton Cole',
  'TN',
  110,
  '1996-6-14'
);

INSERT INTO "CAU_THU" (
  ID_CAU_THU,
  TEN_CT,
  LOAI_CT,
  DOI_BONG_ID_DOI_BONG,
  NGAY_SINH_CT
) VALUES (
  1415,
  'James Collins',
  'TN',
  110,
  '1996-6-14'
);

INSERT INTO "CAU_THU" (
  ID_CAU_THU,
  TEN_CT,
  LOAI_CT,
  DOI_BONG_ID_DOI_BONG,
  NGAY_SINH_CT
) VALUES (
  1416,
  'Jack Collison',
  'TN',
  110,
  '1996-6-14'
);

INSERT INTO "CAU_THU" (
  ID_CAU_THU,
  TEN_CT,
  LOAI_CT,
  DOI_BONG_ID_DOI_BONG,
  NGAY_SINH_CT
) VALUES (
  1417,
  'Guy Demel',
  'TN',
  110,
  '1996-6-14'
);

INSERT INTO "CAU_THU" (
  ID_CAU_THU,
  TEN_CT,
  LOAI_CT,
  DOI_BONG_ID_DOI_BONG,
  NGAY_SINH_CT
) VALUES (
  1418,
  'Mohamed Diame',
  'TN',
  110,
  '1996-6-14'
);

INSERT INTO "CAU_THU" (
  ID_CAU_THU,
  TEN_CT,
  LOAI_CT,
  DOI_BONG_ID_DOI_BONG,
  NGAY_SINH_CT
) VALUES (
  1419,
  'Alou Diarra',
  'TN',
  110,
  '1996-6-14'
);

INSERT INTO "CAU_THU" (
  ID_CAU_THU,
  TEN_CT,
  LOAI_CT,
  DOI_BONG_ID_DOI_BONG,
  NGAY_SINH_CT
) VALUES (
  1420,
  'Stephen Henderson',
  'TN',
  110,
  '1996-6-14'
);

INSERT INTO "CAU_THU" (
  ID_CAU_THU,
  TEN_CT,
  LOAI_CT,
  DOI_BONG_ID_DOI_BONG,
  NGAY_SINH_CT
) VALUES (
  1421,
  'Jussi Jaaskelainen',
  'TN',
  110,
  '1996-7-17'
);

INSERT INTO "CAU_THU" (
  ID_CAU_THU,
  TEN_CT,
  LOAI_CT,
  DOI_BONG_ID_DOI_BONG,
  NGAY_SINH_CT
) VALUES (
  1422,
  'Matthew Jarvis',
  'TN',
  110,
  '1996-7-17'
);

INSERT INTO "CAU_THU" (
  ID_CAU_THU,
  TEN_CT,
  LOAI_CT,
  DOI_BONG_ID_DOI_BONG,
  NGAY_SINH_CT
) VALUES (
  1423,
  'Modibo Maiga',
  'TN',
  110,
  '1996-7-17'
);

INSERT INTO "CAU_THU" (
  ID_CAU_THU,
  TEN_CT,
  LOAI_CT,
  DOI_BONG_ID_DOI_BONG,
  NGAY_SINH_CT
) VALUES (
  1424,
  'George McCartney',
  'TN',
  110,
  '1996-7-17'
);

INSERT INTO "CAU_THU" (
  ID_CAU_THU,
  TEN_CT,
  LOAI_CT,
  DOI_BONG_ID_DOI_BONG,
  NGAY_SINH_CT
) VALUES (
  1425,
  'Mark Noble',
  'TN',
  110,
  '1996-7-17'
);

INSERT INTO "CAU_THU" (
  ID_CAU_THU,
  TEN_CT,
  LOAI_CT,
  DOI_BONG_ID_DOI_BONG,
  NGAY_SINH_CT
) VALUES (
  1426,
  'Kevin Nolan',
  'TN',
  110,
  '1996-7-17'
);

INSERT INTO "CAU_THU" (
  ID_CAU_THU,
  TEN_CT,
  LOAI_CT,
  DOI_BONG_ID_DOI_BONG,
  NGAY_SINH_CT
) VALUES (
  1427,
  'Joseph O''Brien',
  'TN',
  110,
  '1996-7-17'
);

INSERT INTO "CAU_THU" (
  ID_CAU_THU,
  TEN_CT,
  LOAI_CT,
  DOI_BONG_ID_DOI_BONG,
  NGAY_SINH_CT
) VALUES (
  1428,
  'Gary O''Neil',
  'TN',
  110,
  '1996-7-17'
);

INSERT INTO "CAU_THU" (
  ID_CAU_THU,
  TEN_CT,
  LOAI_CT,
  DOI_BONG_ID_DOI_BONG,
  NGAY_SINH_CT
) VALUES (
  1429,
  'Winston Reid',
  'TN',
  110,
  '1996-7-17'
);

INSERT INTO "CAU_THU" (
  ID_CAU_THU,
  TEN_CT,
  LOAI_CT,
  DOI_BONG_ID_DOI_BONG,
  NGAY_SINH_CT
) VALUES (
  1430,
  'Jordan Spence',
  'TN',
  110,
  '1996-7-17'
);

INSERT INTO "CAU_THU" (
  ID_CAU_THU,
  TEN_CT,
  LOAI_CT,
  DOI_BONG_ID_DOI_BONG,
  NGAY_SINH_CT
) VALUES (
  1431,
  'Matthew Taylor',
  'TN',
  110,
  '1996-7-17'
);

INSERT INTO "CAU_THU" (
  ID_CAU_THU,
  TEN_CT,
  LOAI_CT,
  DOI_BONG_ID_DOI_BONG,
  NGAY_SINH_CT
) VALUES (
  1432,
  'James Tomkins',
  'TN',
  110,
  '1996-7-17'
);

INSERT INTO "CAU_THU" (
  ID_CAU_THU,
  TEN_CT,
  LOAI_CT,
  DOI_BONG_ID_DOI_BONG,
  NGAY_SINH_CT
) VALUES (
  1433,
  'Ricardo Vaz Te.',
  'TN',
  110,
  '1996-7-17'
);

INSERT INTO "CAU_THU" (
  ID_CAU_THU,
  TEN_CT,
  LOAI_CT,
  DOI_BONG_ID_DOI_BONG,
  NGAY_SINH_CT
) VALUES (
  1434,
  'Ali Al-Habsi',
  'TN',
  118,
  '1996-7-17'
);

INSERT INTO "CAU_THU" (
  ID_CAU_THU,
  TEN_CT,
  LOAI_CT,
  DOI_BONG_ID_DOI_BONG,
  NGAY_SINH_CT
) VALUES (
  1435,
  'Antolin Alcaraz',
  'TN',
  118,
  '1996-7-17'
);

INSERT INTO "CAU_THU" (
  ID_CAU_THU,
  TEN_CT,
  LOAI_CT,
  DOI_BONG_ID_DOI_BONG,
  NGAY_SINH_CT
) VALUES (
  1436,
  'Jean Beausejour',
  'TN',
  118,
  '1996-7-17'
);

INSERT INTO "CAU_THU" (
  ID_CAU_THU,
  TEN_CT,
  LOAI_CT,
  DOI_BONG_ID_DOI_BONG,
  NGAY_SINH_CT
) VALUES (
  1437,
  'Mauro Boselli',
  'TN',
  118,
  '1996-7-17'
);

INSERT INTO "CAU_THU" (
  ID_CAU_THU,
  TEN_CT,
  LOAI_CT,
  DOI_BONG_ID_DOI_BONG,
  NGAY_SINH_CT
) VALUES (
  1438,
  'Emmerson Boyce',
  'TN',
  118,
  '1996-7-17'
);

INSERT INTO "CAU_THU" (
  ID_CAU_THU,
  TEN_CT,
  LOAI_CT,
  DOI_BONG_ID_DOI_BONG,
  NGAY_SINH_CT
) VALUES (
  1439,
  'Gary Caldwell',
  'TN',
  118,
  '1996-7-17'
);

INSERT INTO "CAU_THU" (
  ID_CAU_THU,
  TEN_CT,
  LOAI_CT,
  DOI_BONG_ID_DOI_BONG,
  NGAY_SINH_CT
) VALUES (
  1440,
  'Albert Crusat',
  'TN',
  118,
  '1996-7-17'
);

INSERT INTO "CAU_THU" (
  ID_CAU_THU,
  TEN_CT,
  LOAI_CT,
  DOI_BONG_ID_DOI_BONG,
  NGAY_SINH_CT
) VALUES (
  1441,
  'Franco Di Santo',
  'TN',
  118,
  '1996-7-17'
);

INSERT INTO "CAU_THU" (
  ID_CAU_THU,
  TEN_CT,
  LOAI_CT,
  DOI_BONG_ID_DOI_BONG,
  NGAY_SINH_CT
) VALUES (
  1442,
  'Maynor Figueroa',
  'TN',
  118,
  '1996-8-18'
);

INSERT INTO "CAU_THU" (
  ID_CAU_THU,
  TEN_CT,
  LOAI_CT,
  DOI_BONG_ID_DOI_BONG,
  NGAY_SINH_CT
) VALUES (
  1443,
  'Jordi Gomez',
  'TN',
  118,
  '1996-8-18'
);

INSERT INTO "CAU_THU" (
  ID_CAU_THU,
  TEN_CT,
  LOAI_CT,
  DOI_BONG_ID_DOI_BONG,
  NGAY_SINH_CT
) VALUES (
  1444,
  'David Jones',
  'TN',
  118,
  '1996-8-18'
);

INSERT INTO "CAU_THU" (
  ID_CAU_THU,
  TEN_CT,
  LOAI_CT,
  DOI_BONG_ID_DOI_BONG,
  NGAY_SINH_CT
) VALUES (
  1445,
  'Arouna Kone',
  'TN',
  118,
  '1996-8-18'
);

INSERT INTO "CAU_THU" (
  ID_CAU_THU,
  TEN_CT,
  LOAI_CT,
  DOI_BONG_ID_DOI_BONG,
  NGAY_SINH_CT
) VALUES (
  1446,
  'Piscu',
  'TN',
  118,
  '1996-8-18'
);

INSERT INTO "CAU_THU" (
  ID_CAU_THU,
  TEN_CT,
  LOAI_CT,
  DOI_BONG_ID_DOI_BONG,
  NGAY_SINH_CT
) VALUES (
  1447,
  'Shaun Maloney',
  'TN',
  118,
  '1996-8-18'
);

INSERT INTO "CAU_THU" (
  ID_CAU_THU,
  TEN_CT,
  LOAI_CT,
  DOI_BONG_ID_DOI_BONG,
  NGAY_SINH_CT
) VALUES (
  1448,
  'James McArthur',
  'TN',
  118,
  '1996-8-18'
);

INSERT INTO "CAU_THU" (
  ID_CAU_THU,
  TEN_CT,
  LOAI_CT,
  DOI_BONG_ID_DOI_BONG,
  NGAY_SINH_CT
) VALUES (
  1449,
  'James McCarthy',
  'TN',
  118,
  '1996-8-18'
);

INSERT INTO "CAU_THU" (
  ID_CAU_THU,
  TEN_CT,
  LOAI_CT,
  DOI_BONG_ID_DOI_BONG,
  NGAY_SINH_CT
) VALUES (
  1450,
  'Michael Pollitt',
  'TN',
  118,
  '1996-8-18'
);

INSERT INTO "CAU_THU" (
  ID_CAU_THU,
  TEN_CT,
  LOAI_CT,
  DOI_BONG_ID_DOI_BONG,
  NGAY_SINH_CT
) VALUES (
  1451,
  'Ivan Ramis',
  'TN',
  118,
  '1996-8-18'
);

INSERT INTO "CAU_THU" (
  ID_CAU_THU,
  TEN_CT,
  LOAI_CT,
  DOI_BONG_ID_DOI_BONG,
  NGAY_SINH_CT
) VALUES (
  1452,
  'Ronnie Stam',
  'TN',
  118,
  '1996-8-18'
);

INSERT INTO "CAU_THU" (
  ID_CAU_THU,
  TEN_CT,
  LOAI_CT,
  DOI_BONG_ID_DOI_BONG,
  NGAY_SINH_CT
) VALUES (
  1453,
  'Ben Watson.',
  'TN',
  118,
  '1996-8-18'
);

-- 3 cau thu dau

UPDATE CAU_THU
SET
  PICTURE = "https://persona.rin.ru/eng/galery/14344.jpg"
WHERE
  ID_CAU_THU = 1001;

UPDATE CAU_THU
SET
  PICTURE = "https://img.a.transfermarkt.technology/portrait/big/31645-1447748712.jpg?lm=1"
WHERE
  ID_CAU_THU = 1151;

UPDATE CAU_THU
SET
  PICTURE = "https://media.gettyimages.com/id/151271342/photo/bebe-of-manchester-united-poses-during-a-photocall-at-carrington-training-ground-on-august-21.jpg?s=612x612&w=gi&k=20&c=IrIcgNZmpaF1bodtohnJRosjGaMCxqnfCs1y5lz6bBw="
WHERE
  ID_CAU_THU = 1152;

UPDATE CAU_THU
SET
  PICTURE = "https://resources.premierleague.com/premierleague/photos/players/250x250/p15749.png"
WHERE
  ID_CAU_THU = 1129;

UPDATE CAU_THU
SET
  PICTURE = "https://img.a.transfermarkt.technology/portrait/big/32617-1409567817.jpg?lm=1"
WHERE
  ID_CAU_THU = 1130;

UPDATE CAU_THU
SET
  PICTURE = "https://resources.premierleague.com/premierleague/photos/players/250x250/p17476.png"
WHERE
  ID_CAU_THU = 1131;

UPDATE CAU_THU
SET
  PICTURE = "https://futhead.cursecdn.com/static/img/14/players/48940.png"
WHERE
  ID_CAU_THU = 1049;

UPDATE CAU_THU
SET
  PICTURE = "https://m.footballdatabase.eu/images/photos/players/a_16/16746.jpg"
WHERE
  ID_CAU_THU = 1050;

UPDATE CAU_THU
SET
  PICTURE = "https://resources.premierleague.com/premierleague/photos/players/250x250/p41328.png"
WHERE
  ID_CAU_THU = 1051;

UPDATE CAU_THU
SET
  PICTURE = "https://static.wikia.nocookie.net/the-football-database/images/9/9d/Arsenal_Arteta_001.png/revision/latest?cb=20131118192832"
WHERE
  ID_CAU_THU = 1002;

UPDATE CAU_THU
SET
  PICTURE = "https://resources.premierleague.com/premierleague/photos/players/250x250/p19524.png"
WHERE
  ID_CAU_THU = 1003;

UPDATE CAU_THU
SET
  PICTURE = "https://www.arsenalpics.com/p/5/new-arsenal-signing-marouane-chamakh-3586081.jpg.webp"
WHERE
  ID_CAU_THU = 1004;

UPDATE CAU_THU
SET
  PICTURE = "https://resources.premierleague.com/premierleague/photos/players/250x250/p18656.png"
WHERE
  ID_CAU_THU = 1363;

UPDATE CAU_THU
SET
  PICTURE = "https://futhead.cursecdn.com/static/img/14/players/1102.png"
WHERE
  ID_CAU_THU = 1364;

UPDATE CAU_THU
SET
  PICTURE = "https://m.footballdatabase.eu/images/photos/players/2011-2012/a_0/460.jpg"
WHERE
  ID_CAU_THU = 1365;

UPDATE CAU_THU
SET
  PICTURE = "https://resources.premierleague.com/premierleague/photos/players/250x250/p28593.png"
WHERE
  ID_CAU_THU = 1069;

UPDATE CAU_THU
SET
  PICTURE = "https://resources.premierleague.com/premierleague/photos/players/250x250/p12745.png"
WHERE
  ID_CAU_THU = 1070;

UPDATE CAU_THU
SET
  PICTURE = "https://resources.premierleague.com/premierleague/photos/players/250x250/p27707.png"
WHERE
  ID_CAU_THU = 1071;

UPDATE CAU_THU
SET
  PICTURE = "https://pbs.twimg.com/media/BQrLIm6CUAAYc6L.jpg:large"
WHERE
  ID_CAU_THU = 1109;

UPDATE CAU_THU
SET
  PICTURE = "https://resources.premierleague.com/premierleague/photos/players/250x250/p40555.png"
WHERE
  ID_CAU_THU = 1110;

UPDATE CAU_THU
SET
  PICTURE = "https://m.footballdatabase.eu/images/photos/players/a_43/43779.jpg"
WHERE
  ID_CAU_THU = 1111;

UPDATE CAU_THU
SET
  PICTURE = "https://resources.premierleague.com/premierleague/photos/players/250x250/p19151.png"
WHERE
  ID_CAU_THU = 1388;

UPDATE CAU_THU
SET
  PICTURE = "https://img.a.transfermarkt.technology/portrait/big/45921-1538465142.jpg?lm=1"
WHERE
  ID_CAU_THU = 1389;

UPDATE CAU_THU
SET
  PICTURE = "https://www.bdfutbol.com/i/j/95589.jpg"
WHERE
  ID_CAU_THU = 1390;

UPDATE CAU_THU
SET
  PICTURE = "https://sm.imgix.net/11/37/kemyagustien_swansea_20110827.jpg?w=1200&h=1200&auto=compress,format&fit=clip"
WHERE
  ID_CAU_THU = 1341;

UPDATE CAU_THU
SET
  PICTURE = "https://resources.premierleague.com/premierleague/photos/players/250x250/p15114.png"
WHERE
  ID_CAU_THU = 1342;

UPDATE CAU_THU
SET
  PICTURE = "https://m.footballdatabase.eu/images/photos/players/a_15/15213.jpg"
WHERE
  ID_CAU_THU = 1343;

UPDATE CAU_THU
SET
  PICTURE = "https://m.footballdatabase.eu/images/photos/players/a_1/1328.jpg"
WHERE
  ID_CAU_THU = 1412;

UPDATE CAU_THU
SET
  PICTURE = "https://resources.premierleague.com/premierleague/photos/players/250x250/p40142.png"
WHERE
  ID_CAU_THU = 1413;

UPDATE CAU_THU
SET
  PICTURE = "https://resources.premierleague.com/premierleague/photos/players/250x250/p12799.png"
WHERE
  ID_CAU_THU = 1414;

UPDATE CAU_THU
SET
  PICTURE = "https://resources.premierleague.com/premierleague/photos/players/250x250/p15201.png"
WHERE
  ID_CAU_THU = 1197;

UPDATE CAU_THU
SET
  PICTURE = "https://resources.premierleague.com/premierleague/photos/players/250x250/p42744.png"
WHERE
  ID_CAU_THU = 1198;

UPDATE CAU_THU
SET
  PICTURE = "https://www.shrewsburytown.com/api/image/cropandgreyscale/c2f8a8c4-be8e-4830-a737-65d95cdeb015/?preset=player&greyscale=false"
WHERE
  ID_CAU_THU = 1199;

UPDATE CAU_THU
SET
  PICTURE = "https://media.gettyimages.com/id/101609471/photo/mark-schwarzer-of-australia-poses-during-the-official-fifa-world-cup-2010-portrait-session-on.jpg?s=612x612&w=gi&k=20&c=l6zXUkSl7Lke-uDR8PM3xb5HIwt-3rPijk5l9H2vKDg="
WHERE
  ID_CAU_THU = 1088;

UPDATE CAU_THU
SET
  PICTURE = "https://c8.alamy.com/comp/2BAW0JM/csaba-somogyi-fulham-goalkeeper-2BAW0JM.jpg"
WHERE
  ID_CAU_THU = 1089;

UPDATE CAU_THU
SET
  PICTURE = "https://s.hs-data.com/bilder/spieler/gross/46957.jpg"
WHERE
  ID_CAU_THU = 1090;

UPDATE CAU_THU
SET
  PICTURE = "https://resources.premierleague.com/premierleague/photos/players/250x250/p20208.png"
WHERE
  ID_CAU_THU = 1295;

UPDATE CAU_THU
SET
  PICTURE = "https://resources.premierleague.com/premierleague/photos/players/250x250/p40349.png"
WHERE
  ID_CAU_THU = 1296;

UPDATE CAU_THU
SET
  PICTURE = "https://resources.premierleague.com/premierleague/photos/players/250x250/p50089.png"
WHERE
  ID_CAU_THU = 1297;

UPDATE CAU_THU
SET
  PICTURE = "https://www.saintsplayers.co.uk/wp-content/uploads/2020/02/Butterfield-AtS-scaled.jpg"
WHERE
  ID_CAU_THU = 1272;

UPDATE CAU_THU
SET
  PICTURE = "https://img.a.transfermarkt.technology/portrait/big/9975-1524318889.jpg?lm=1"
WHERE
  ID_CAU_THU = 1273;

UPDATE CAU_THU
SET
  PICTURE = "https://resources.premierleague.com/premierleague/photos/players/250x250/p40145.png"
WHERE
  ID_CAU_THU = 1274;

UPDATE CAU_THU
SET
  PICTURE = "https://resources.premierleague.com/premierleague/photos/players/250x250/p27450.png"
WHERE
  ID_CAU_THU = 1024;

UPDATE CAU_THU
SET
  PICTURE = "https://resources.premierleague.com/premierleague/photos/players/250x250/p51938.png"
WHERE
  ID_CAU_THU = 1025;

UPDATE CAU_THU
SET
  PICTURE = "https://www.swfc.co.uk/api/image/cropandgreyscale/ac504dce-8b09-4979-9c0f-d283471abe3c/?preset=square&greyscale=false"
WHERE
  ID_CAU_THU = 1026;

UPDATE CAU_THU
SET
  PICTURE = "https://m.footballdatabase.eu/images/photos/players/2018-2019/a_73/73298.jpg"
WHERE
  ID_CAU_THU = 1175;

UPDATE CAU_THU
SET
  PICTURE = "https://media.gettyimages.com/id/450507710/photo/shola-ameobi-of-nigeria-poses-during-the-official-fifa-world-cup-2014-portrait-session-on-june.jpg?s=612x612&w=gi&k=20&c=Qz0Rd5_pcKqUyaHMyefHjSbyvo1mD1LqtVl0TMegH70="
WHERE
  ID_CAU_THU = 1176;

UPDATE CAU_THU
SET
  PICTURE = "https://www.soccerzz.com/img/jogadores/30/788730_ori__20210601233838_vurnon_anita.png"
WHERE
  ID_CAU_THU = 1177;

UPDATE CAU_THU
SET
  PICTURE = "https://resources.premierleague.com/premierleague/photos/players/250x250/p17997.png"
WHERE
  ID_CAU_THU = 1320;

UPDATE CAU_THU
SET
  PICTURE = "https://c8.alamy.com/comp/2EE1KAN/football-6902-international-stock-titus-bramble-england-under-21-mandatory-creditaction-images-darren-walsh-2EE1KAN.jpg"
WHERE
  ID_CAU_THU = 1321;

UPDATE CAU_THU
SET
  PICTURE = "https://c8.alamy.com/comp/G5K0FH/englands-wes-brown-during-a-friendly-international-game-against-holland-G5K0FH.jpg"
WHERE
  ID_CAU_THU = 1322;

UPDATE CAU_THU
SET
  PICTURE = "https://m.footballdatabase.eu/images/photos/players/a_4/4720.jpg"
WHERE
  ID_CAU_THU = 1434;

UPDATE CAU_THU
SET
  PICTURE = "https://m.footballdatabase.eu/images/photos/players/a_20/20712.jpg"
WHERE
  ID_CAU_THU = 1435;

UPDATE CAU_THU
SET
  PICTURE = "https://media.gettyimages.com/photos/jean-beausejour-of-chile-poses-during-the-official-fifa-world-cup-picture-id450184184?s=612x612"
WHERE
  ID_CAU_THU = 1436;

UPDATE CAU_THU
SET
  PICTURE = "https://c8.alamy.com/comp/2EFNDFJ/football-wales-press-conference-vale-hotel-vale-of-glamorgan-resort-hensol-wales-51010-wales-simon-church-to-the-media-mandatory-credit-action-images-peter-cziborra-livepic-2EFNDFJ.jpg"
WHERE
  ID_CAU_THU = 1247;

UPDATE CAU_THU
SET
  PICTURE = "https://sm.imgix.net/12/33/ShaunCummings_20120324.jpg?w=1200&h=1200&auto=compress,format&fit=clip"
WHERE
  ID_CAU_THU = 1248;

UPDATE CAU_THU
SET
  PICTURE = "https://www.afcwimbledon.co.uk/api/image/cropandgreyscale/33349989-24cf-4f53-9380-562a9b4fea86/?preset=player&greyscale=false"
WHERE
  ID_CAU_THU = 1249;

UPDATE CAU_THU
SET
  PICTURE = "https://resources.premierleague.com/premierleague/photos/players/250x250/p1243.png"
WHERE
  ID_CAU_THU = 1222;

UPDATE CAU_THU
SET
  PICTURE = "https://m.footballdatabase.eu/images/photos/players/a_52/52089.jpg"
WHERE
  ID_CAU_THU = 1223;

UPDATE CAU_THU
SET
  PICTURE = "https://www.mediastorehouse.com.au/p/5/armand-traore-arsenal-1195574.jpg.webp"
WHERE
  ID_CAU_THU = 1224;

-- 3 cau thu tiep theo

SELECT
  *
FROM
  BONG_DA.CAU_THU;

UPDATE CAU_THU
SET
  PICTURE = "https://a.espncdn.com/combiner/i?img=/i/headshots/soccer/players/full/124933.png"
WHERE
  ID_CAU_THU = 1153;

UPDATE CAU_THU
SET
  PICTURE = "https://images.squarespace-cdn.com/content/v1/5a787f048c56a8f8f9e9798d/1548866428084-V1YTQNFTXMYO1NRM6XLP/Michael-Carrick-Carousel-11.jpg?format=1000w"
WHERE
  ID_CAU_THU = 1154;

UPDATE CAU_THU
SET
  PICTURE = "https://medias.spotern.com/people/w320/1/1272-1532336937.jpg"
WHERE
  ID_CAU_THU = 1155;

UPDATE CAU_THU
SET
  PICTURE = "https://resources.premierleague.com/premierleague/photos/players/250x250/p20658.png"
WHERE
  ID_CAU_THU = 1132;

UPDATE CAU_THU
SET
  PICTURE = "https://i2-prod.birminghammail.co.uk/sport/football/football-news/article9971040.ece/ALTERNATES/s615/JS71133798.jpg"
WHERE
  ID_CAU_THU = 1133;

UPDATE CAU_THU
SET
  PICTURE = "https://resources.premierleague.com/premierleague/photos/players/250x250/p15157.png"
WHERE
  ID_CAU_THU = 1134;

UPDATE CAU_THU
SET
  PICTURE = "https://a.espncdn.com/combiner/i?img=/i/headshots/soccer/players/full/8054.png"
WHERE
  ID_CAU_THU = 1052;

UPDATE CAU_THU
SET
  PICTURE = "https://resources.premierleague.com/premierleague/photos/players/250x250/p41270.png"
WHERE
  ID_CAU_THU = 1053;

UPDATE CAU_THU
SET
  PICTURE = "https://cdn.resfu.com/img_data/players/big/32837.jpg"
WHERE
  ID_CAU_THU = 1054;

UPDATE CAU_THU
SET
  PICTURE = "https://media.gettyimages.com/id/473052004/photo/andre-santos-of-clube-de-regatas-do-flamengo-poses-during-a-portrait-session-on-august-14-2014.jpg?s=612x612&w=gi&k=20&c=bx0vgxeBfueGtixWOmoEWQO9_aviI13HQeR2tl-jZg0="
WHERE
  ID_CAU_THU = 1005;

UPDATE CAU_THU
SET
  PICTURE = "https://futhead.cursecdn.com/static/img/14/players/163423.png"
WHERE
  ID_CAU_THU = 1006;

UPDATE CAU_THU
SET
  PICTURE = "https://www.arsenalpics.com/p/5/johan-djourou-arsenal-523417.jpg.webp"
WHERE
  ID_CAU_THU = 1007;

UPDATE CAU_THU
SET
  PICTURE = "https://i.pinimg.com/474x/3f/93/f6/3f93f6a379a7234373d206e450373b0c.jpg"
WHERE
  ID_CAU_THU = 1366;

UPDATE CAU_THU
SET
  PICTURE = "https://resources.premierleague.com/premierleague/photos/players/250x250/p37742.png"
WHERE
  ID_CAU_THU = 1367;

UPDATE CAU_THU
SET
  PICTURE = "https://www.themoviedb.org/t/p/original/8Yf2xrdNV1HsBnCIAgDRIgN6DrT.jpg"
WHERE
  ID_CAU_THU = 1368;

UPDATE CAU_THU
SET
  PICTURE = "https://m.footballdatabase.eu/images/photos/players/a_2/2190.jpg"
WHERE
  ID_CAU_THU = 1072;

UPDATE CAU_THU
SET
  PICTURE = "https://bet-bet.net/wp-content/uploads/2021/03/Phil-Jagielka.png"
WHERE
  ID_CAU_THU = 1073;

UPDATE CAU_THU
SET
  PICTURE = "https://i.pinimg.com/474x/d1/49/b8/d149b8a4ea42c584370ced3b7f2fb9d0.jpg"
WHERE
  ID_CAU_THU = 1074;

UPDATE CAU_THU
SET
  PICTURE = "https://img.a.transfermarkt.technology/portrait/big/3597-1476358918.jpg?lm=1"
WHERE
  ID_CAU_THU = 1112;

UPDATE CAU_THU
SET
  PICTURE = "https://i.pinimg.com/originals/d3/c7/36/d3c736da5845944148c87dd9c528fb00.jpg"
WHERE
  ID_CAU_THU = 1113;

UPDATE CAU_THU
SET
  PICTURE = "https://www.lfchistory.net/images/profiles/player_colejoe.jpg"
WHERE
  ID_CAU_THU = 1114;

UPDATE CAU_THU
SET
  PICTURE = "https://images.fotmob.com/image_resources/playerimages/32734.png"
WHERE
  ID_CAU_THU = 1391;

UPDATE CAU_THU
SET
  PICTURE = "https://img.a.transfermarkt.technology/portrait/big/90368-1487767598.jpg?lm=1"
WHERE
  ID_CAU_THU = 1392;

UPDATE CAU_THU
SET
  PICTURE = "http://cdn.soccerwiki.org/images/player/3136.png"
WHERE
  ID_CAU_THU = 1393;

UPDATE CAU_THU
SET
  PICTURE = "https://fmdataba.com/images/p2/534313.png"
WHERE
  ID_CAU_THU = 1344;

UPDATE CAU_THU
SET
  PICTURE = "https://www.bdfutbol.com/i/j/6108c.jpg"
WHERE
  ID_CAU_THU = 1345;

UPDATE CAU_THU
SET
  PICTURE = "https://alchetron.com/cdn/mark-gower-2771d357-1094-484a-898c-a49d5f66c8b-resize-750.png"
WHERE
  ID_CAU_THU = 1346;

UPDATE CAU_THU
SET
  PICTURE = "https://e7.pngegg.com/pngimages/701/167/png-clipart-james-collins-west-ham-united-f-c-premier-league-wales-national-football-team-premier-league-tshirt-team-thumbnail.png"
WHERE
  ID_CAU_THU = 1415;

UPDATE CAU_THU
SET
  PICTURE = "https://cdn.resfu.com/img_data/players/medium/38344.jpg?size=180x&lossy=1"
WHERE
  ID_CAU_THU = 1416;

UPDATE CAU_THU
SET
  PICTURE = "http://cdn.soccerwiki.org/images/player/4657.png"
WHERE
  ID_CAU_THU = 1417;

UPDATE CAU_THU
SET
  PICTURE = "https://resources.premierleague.com/premierleague/photos/players/250x250/p41727.png"
WHERE
  ID_CAU_THU = 1200;

UPDATE CAU_THU
SET
  PICTURE = "https://resources.premierleague.com/premierleague/photos/players/250x250/p10954.png"
WHERE
  ID_CAU_THU = 1201;

UPDATE CAU_THU
SET
  PICTURE = "https://www.scunthorpe-united.co.uk/api/image/cropandgreyscale/90f2ec7e-04d8-427b-a11a-0a7cb145fde7/?preset=player&greyscale=false"
WHERE
  ID_CAU_THU = 1202;

UPDATE CAU_THU
SET
  PICTURE = "https://resources.premierleague.com/premierleague/photos/players/250x250/p88734.png"
WHERE
  ID_CAU_THU = 1091;

UPDATE CAU_THU
SET
  PICTURE = "http://cdn.soccerwiki.org/images/player/7784.png"
WHERE
  ID_CAU_THU = 1092;

UPDATE CAU_THU
SET
  PICTURE = "http://cdn.soccerwiki.org/images/player/1843.png"
WHERE
  ID_CAU_THU = 1093;

UPDATE CAU_THU
SET
  PICTURE = "https://futhead.cursecdn.com/static/img/19/players/51257.png"
WHERE
  ID_CAU_THU = 1298;

UPDATE CAU_THU
SET
  PICTURE = "https://static.wikia.nocookie.net/the-football-database/images/2/27/Rory_Delap.png/revision/latest?cb=20210121174651"
WHERE
  ID_CAU_THU = 1299;

UPDATE CAU_THU
SET
  PICTURE = "https://img.a.transfermarkt.technology/portrait/big/50987-1489602860.jpg?lm=1"
WHERE
  ID_CAU_THU = 1300;

UPDATE CAU_THU
SET
  PICTURE = "https://resources.premierleague.com/premierleague/photos/players/250x250/p3673.png"
WHERE
  ID_CAU_THU = 1275;

UPDATE CAU_THU
SET
  PICTURE = "https://resources.premierleague.com/premierleague/photos/players/250x250/p17339.png"
WHERE
  ID_CAU_THU = 1276;

UPDATE CAU_THU
SET
  PICTURE = "https://m.footballdatabase.eu/images/photos/players/2020-2021/a_28/28883.jpg"
WHERE
  ID_CAU_THU = 1277;

UPDATE CAU_THU
SET
  PICTURE = "http://cdn.soccerwiki.org/images/player/448.png"
WHERE
  ID_CAU_THU = 1027;

UPDATE CAU_THU
SET
  PICTURE = "https://sortitoutsi.net/uploads/megapacks/cutoutfaces/originals/11.00/29000029.png"
WHERE
  ID_CAU_THU = 1028;

UPDATE CAU_THU
SET
  PICTURE = "https://cdn.soccerwiki.org/images/player/29444.png"
WHERE
  ID_CAU_THU = 1029;

UPDATE CAU_THU
SET
  PICTURE = "https://futhead.cursecdn.com/static/img/14/players/177134.png"
WHERE
  ID_CAU_THU = 1178;

UPDATE CAU_THU
SET
  PICTURE = "https://cdn.soccerwiki.org/images/player/3883.png"
WHERE
  ID_CAU_THU = 1179;

UPDATE CAU_THU
SET
  PICTURE = "http://cdn.soccerwiki.org/images/player/5580.png"
WHERE
  ID_CAU_THU = 1180;

UPDATE CAU_THU
SET
  PICTURE = "https://m.footballdatabase.eu/images/photos/players/2020-2021/a_21/21824.jpg"
WHERE
  ID_CAU_THU = 1323;

UPDATE CAU_THU
SET
  PICTURE = "https://fmdataba.com/images/p2/534073.png"
WHERE
  ID_CAU_THU = 1324;

UPDATE CAU_THU
SET
  PICTURE = "https://futhead.cursecdn.com/static/img/19/players/193942.png"
WHERE
  ID_CAU_THU = 1325;

UPDATE CAU_THU
SET
  PICTURE = "https://cdn.soccerwiki.org/images/player/18318.png"
WHERE
  ID_CAU_THU = 1437;

UPDATE CAU_THU
SET
  PICTURE = "http://cdn.soccerwiki.org/images/player/592.png"
WHERE
  ID_CAU_THU = 1438;

UPDATE CAU_THU
SET
  PICTURE = "https://futhead.cursecdn.com/static/img/15/players/45098.png"
WHERE
  ID_CAU_THU = 1439;

UPDATE CAU_THU
SET
  PICTURE = "https://fmdataba.com/images/p2/534503.png"
WHERE
  ID_CAU_THU = 1250;

UPDATE CAU_THU
SET
  PICTURE = "https://s.hs-data.com/bilder/spieler/gross/1168.jpg"
WHERE
  ID_CAU_THU = 1251;

UPDATE CAU_THU
SET
  PICTURE = "https://www.playmakerstats.com/img/jogadores/13/300113_med_jem_karacan.jpg"
WHERE
  ID_CAU_THU = 1252;

UPDATE CAU_THU
SET
  PICTURE = "https://pbs.twimg.com/profile_images/632932737809272832/13CnkvD4_400x400.jpg"
WHERE
  ID_CAU_THU = 1225;

UPDATE CAU_THU
SET
  PICTURE = "http://cdn.soccerwiki.org/images/player/1975.png"
WHERE
  ID_CAU_THU = 1226;

UPDATE CAU_THU
SET
  PICTURE = "https://cdn.resfu.com/img_data/players/big/24071.jpg"
WHERE
  ID_CAU_THU = 1227;

-- 3 cau thu tiep theo

SELECT
  *
FROM
  BONG_DA.CAU_THU;

UPDATE CAU_THU
SET
  PICTURE = "https://a.espncdn.com/combiner/i?img=/i/headshots/soccer/players/full/124933.png"
WHERE
  ID_CAU_THU = 1153;

UPDATE CAU_THU
SET
  PICTURE = "https://images.squarespace-cdn.com/content/v1/5a787f048c56a8f8f9e9798d/1548866428084-V1YTQNFTXMYO1NRM6XLP/Michael-Carrick-Carousel-11.jpg?format=1000w"
WHERE
  ID_CAU_THU = 1154;

UPDATE CAU_THU
SET
  PICTURE = "https://medias.spotern.com/people/w320/1/1272-1532336937.jpg"
WHERE
  ID_CAU_THU = 1155;

UPDATE CAU_THU
SET
  PICTURE = "https://resources.premierleague.com/premierleague/photos/players/250x250/p20658.png"
WHERE
  ID_CAU_THU = 1132;

UPDATE CAU_THU
SET
  PICTURE = "https://i2-prod.birminghammail.co.uk/sport/football/football-news/article9971040.ece/ALTERNATES/s615/JS71133798.jpg"
WHERE
  ID_CAU_THU = 1133;

UPDATE CAU_THU
SET
  PICTURE = "https://resources.premierleague.com/premierleague/photos/players/250x250/p15157.png"
WHERE
  ID_CAU_THU = 1134;

UPDATE CAU_THU
SET
  PICTURE = "https://a.espncdn.com/combiner/i?img=/i/headshots/soccer/players/full/8054.png"
WHERE
  ID_CAU_THU = 1052;

UPDATE CAU_THU
SET
  PICTURE = "https://resources.premierleague.com/premierleague/photos/players/250x250/p41270.png"
WHERE
  ID_CAU_THU = 1053;

UPDATE CAU_THU
SET
  PICTURE = "https://cdn.resfu.com/img_data/players/big/32837.jpg"
WHERE
  ID_CAU_THU = 1054;

UPDATE CAU_THU
SET
  PICTURE = "https://media.gettyimages.com/id/473052004/photo/andre-santos-of-clube-de-regatas-do-flamengo-poses-during-a-portrait-session-on-august-14-2014.jpg?s=612x612&w=gi&k=20&c=bx0vgxeBfueGtixWOmoEWQO9_aviI13HQeR2tl-jZg0="
WHERE
  ID_CAU_THU = 1005;

UPDATE CAU_THU
SET
  PICTURE = "https://futhead.cursecdn.com/static/img/14/players/163423.png"
WHERE
  ID_CAU_THU = 1006;

UPDATE CAU_THU
SET
  PICTURE = "https://www.arsenalpics.com/p/5/johan-djourou-arsenal-523417.jpg.webp"
WHERE
  ID_CAU_THU = 1007;

UPDATE CAU_THU
SET
  PICTURE = "https://i.pinimg.com/474x/3f/93/f6/3f93f6a379a7234373d206e450373b0c.jpg"
WHERE
  ID_CAU_THU = 1366;

UPDATE CAU_THU
SET
  PICTURE = "https://resources.premierleague.com/premierleague/photos/players/250x250/p37742.png"
WHERE
  ID_CAU_THU = 1367;

UPDATE CAU_THU
SET
  PICTURE = "https://www.themoviedb.org/t/p/original/8Yf2xrdNV1HsBnCIAgDRIgN6DrT.jpg"
WHERE
  ID_CAU_THU = 1368;

UPDATE CAU_THU
SET
  PICTURE = "https://m.footballdatabase.eu/images/photos/players/a_2/2190.jpg"
WHERE
  ID_CAU_THU = 1072;

UPDATE CAU_THU
SET
  PICTURE = "https://bet-bet.net/wp-content/uploads/2021/03/Phil-Jagielka.png"
WHERE
  ID_CAU_THU = 1073;

UPDATE CAU_THU
SET
  PICTURE = "https://i.pinimg.com/474x/d1/49/b8/d149b8a4ea42c584370ced3b7f2fb9d0.jpg"
WHERE
  ID_CAU_THU = 1074;

UPDATE CAU_THU
SET
  PICTURE = "https://img.a.transfermarkt.technology/portrait/big/3597-1476358918.jpg?lm=1"
WHERE
  ID_CAU_THU = 1112;

UPDATE CAU_THU
SET
  PICTURE = "https://i.pinimg.com/originals/d3/c7/36/d3c736da5845944148c87dd9c528fb00.jpg"
WHERE
  ID_CAU_THU = 1113;

UPDATE CAU_THU
SET
  PICTURE = "https://www.lfchistory.net/images/profiles/player_colejoe.jpg"
WHERE
  ID_CAU_THU = 1114;

UPDATE CAU_THU
SET
  PICTURE = "https://images.fotmob.com/image_resources/playerimages/32734.png"
WHERE
  ID_CAU_THU = 1391;

UPDATE CAU_THU
SET
  PICTURE = "https://img.a.transfermarkt.technology/portrait/big/90368-1487767598.jpg?lm=1"
WHERE
  ID_CAU_THU = 1392;

UPDATE CAU_THU
SET
  PICTURE = "http://cdn.soccerwiki.org/images/player/3136.png"
WHERE
  ID_CAU_THU = 1393;

UPDATE CAU_THU
SET
  PICTURE = "https://fmdataba.com/images/p2/534313.png"
WHERE
  ID_CAU_THU = 1344;

UPDATE CAU_THU
SET
  PICTURE = "https://www.bdfutbol.com/i/j/6108c.jpg"
WHERE
  ID_CAU_THU = 1345;

UPDATE CAU_THU
SET
  PICTURE = "https://alchetron.com/cdn/mark-gower-2771d357-1094-484a-898c-a49d5f66c8b-resize-750.png"
WHERE
  ID_CAU_THU = 1346;

UPDATE CAU_THU
SET
  PICTURE = "https://e7.pngegg.com/pngimages/701/167/png-clipart-james-collins-west-ham-united-f-c-premier-league-wales-national-football-team-premier-league-tshirt-team-thumbnail.png"
WHERE
  ID_CAU_THU = 1415;

UPDATE CAU_THU
SET
  PICTURE = "https://cdn.resfu.com/img_data/players/medium/38344.jpg?size=180x&lossy=1"
WHERE
  ID_CAU_THU = 1416;

UPDATE CAU_THU
SET
  PICTURE = "http://cdn.soccerwiki.org/images/player/4657.png"
WHERE
  ID_CAU_THU = 1417;

UPDATE CAU_THU
SET
  PICTURE = "https://resources.premierleague.com/premierleague/photos/players/250x250/p41727.png"
WHERE
  ID_CAU_THU = 1200;

UPDATE CAU_THU
SET
  PICTURE = "https://resources.premierleague.com/premierleague/photos/players/250x250/p10954.png"
WHERE
  ID_CAU_THU = 1201;

UPDATE CAU_THU
SET
  PICTURE = "https://www.scunthorpe-united.co.uk/api/image/cropandgreyscale/90f2ec7e-04d8-427b-a11a-0a7cb145fde7/?preset=player&greyscale=false"
WHERE
  ID_CAU_THU = 1202;

UPDATE CAU_THU
SET
  PICTURE = "https://resources.premierleague.com/premierleague/photos/players/250x250/p88734.png"
WHERE
  ID_CAU_THU = 1091;

UPDATE CAU_THU
SET
  PICTURE = "http://cdn.soccerwiki.org/images/player/7784.png"
WHERE
  ID_CAU_THU = 1092;

UPDATE CAU_THU
SET
  PICTURE = "http://cdn.soccerwiki.org/images/player/1843.png"
WHERE
  ID_CAU_THU = 1093;

UPDATE CAU_THU
SET
  PICTURE = "https://futhead.cursecdn.com/static/img/19/players/51257.png"
WHERE
  ID_CAU_THU = 1298;

UPDATE CAU_THU
SET
  PICTURE = "https://static.wikia.nocookie.net/the-football-database/images/2/27/Rory_Delap.png/revision/latest?cb=20210121174651"
WHERE
  ID_CAU_THU = 1299;

UPDATE CAU_THU
SET
  PICTURE = "https://img.a.transfermarkt.technology/portrait/big/50987-1489602860.jpg?lm=1"
WHERE
  ID_CAU_THU = 1300;

UPDATE CAU_THU
SET
  PICTURE = "https://resources.premierleague.com/premierleague/photos/players/250x250/p3673.png"
WHERE
  ID_CAU_THU = 1275;

UPDATE CAU_THU
SET
  PICTURE = "https://resources.premierleague.com/premierleague/photos/players/250x250/p17339.png"
WHERE
  ID_CAU_THU = 1276;

UPDATE CAU_THU
SET
  PICTURE = "https://m.footballdatabase.eu/images/photos/players/2020-2021/a_28/28883.jpg"
WHERE
  ID_CAU_THU = 1277;

UPDATE CAU_THU
SET
  PICTURE = "http://cdn.soccerwiki.org/images/player/448.png"
WHERE
  ID_CAU_THU = 1027;

UPDATE CAU_THU
SET
  PICTURE = "https://sortitoutsi.net/uploads/megapacks/cutoutfaces/originals/11.00/29000029.png"
WHERE
  ID_CAU_THU = 1028;

UPDATE CAU_THU
SET
  PICTURE = "https://cdn.soccerwiki.org/images/player/29444.png"
WHERE
  ID_CAU_THU = 1029;

UPDATE CAU_THU
SET
  PICTURE = "https://futhead.cursecdn.com/static/img/14/players/177134.png"
WHERE
  ID_CAU_THU = 1178;

UPDATE CAU_THU
SET
  PICTURE = "https://cdn.soccerwiki.org/images/player/3883.png"
WHERE
  ID_CAU_THU = 1179;

UPDATE CAU_THU
SET
  PICTURE = "http://cdn.soccerwiki.org/images/player/5580.png"
WHERE
  ID_CAU_THU = 1180;

UPDATE CAU_THU
SET
  PICTURE = "https://m.footballdatabase.eu/images/photos/players/2020-2021/a_21/21824.jpg"
WHERE
  ID_CAU_THU = 1323;

UPDATE CAU_THU
SET
  PICTURE = "https://fmdataba.com/images/p2/534073.png"
WHERE
  ID_CAU_THU = 1324;

UPDATE CAU_THU
SET
  PICTURE = "https://futhead.cursecdn.com/static/img/19/players/193942.png"
WHERE
  ID_CAU_THU = 1325;

UPDATE CAU_THU
SET
  PICTURE = "https://cdn.soccerwiki.org/images/player/18318.png"
WHERE
  ID_CAU_THU = 1437;

UPDATE CAU_THU
SET
  PICTURE = "http://cdn.soccerwiki.org/images/player/592.png"
WHERE
  ID_CAU_THU = 1438;

UPDATE CAU_THU
SET
  PICTURE = "https://futhead.cursecdn.com/static/img/15/players/45098.png"
WHERE
  ID_CAU_THU = 1439;

UPDATE CAU_THU
SET
  PICTURE = "https://fmdataba.com/images/p2/534503.png"
WHERE
  ID_CAU_THU = 1250;

UPDATE CAU_THU
SET
  PICTURE = "https://s.hs-data.com/bilder/spieler/gross/1168.jpg"
WHERE
  ID_CAU_THU = 1251;

UPDATE CAU_THU
SET
  PICTURE = "https://www.playmakerstats.com/img/jogadores/13/300113_med_jem_karacan.jpg"
WHERE
  ID_CAU_THU = 1252;

UPDATE CAU_THU
SET
  PICTURE = "https://pbs.twimg.com/profile_images/632932737809272832/13CnkvD4_400x400.jpg"
WHERE
  ID_CAU_THU = 1225;

UPDATE CAU_THU
SET
  PICTURE = "http://cdn.soccerwiki.org/images/player/1975.png"
WHERE
  ID_CAU_THU = 1226;

UPDATE CAU_THU
SET
  PICTURE = "https://cdn.resfu.com/img_data/players/big/24071.jpg"
WHERE
  ID_CAU_THU = 1227;

-- 3 cau thu tiep theo

UPDATE CAU_THU
SET
  PICTURE = "https://resources.premierleague.com/premierleague/photos/players/250x250/p37096.png"
WHERE
  ID_CAU_THU = 1008;

UPDATE CAU_THU
SET
  PICTURE = "https://img.a.transfermarkt.technology/portrait/big/33481-1630525113.png?lm=1"
WHERE
  ID_CAU_THU = 1009;

UPDATE CAU_THU
SET
  PICTURE = "https://img.a.transfermarkt.technology/portrait/big/44792-1647705303.jpg?lm=1"
WHERE
  ID_CAU_THU = 1010;

UPDATE CAU_THU
SET
  PICTURE = "https://thesportinginfluencerblog.files.wordpress.com/2017/06/richard-dunne.jpg"
WHERE
  ID_CAU_THU = 1030;

UPDATE CAU_THU
SET
  PICTURE = "https://img.a.transfermarkt.technology/portrait/big/25523-1523371802.jpg?lm=1"
WHERE
  ID_CAU_THU = 1031;

UPDATE CAU_THU
SET
  PICTURE = "https://resources.premierleague.com/premierleague/photos/players/250x250/p1822.png"
WHERE
  ID_CAU_THU = 1032;

UPDATE CAU_THU
SET
  PICTURE = "https://img.a.transfermarkt.technology/portrait/big/3163-1464162968.jpg?lm=1"
WHERE
  ID_CAU_THU = 1055;

UPDATE CAU_THU
SET
  PICTURE = "https://e7.pngegg.com/pngimages/915/973/png-clipart-fernando-torres-fifa-16-fifa-14-fifa-10-fifa-15-others-miscellaneous-game-thumbnail.png"
WHERE
  ID_CAU_THU = 1056;

UPDATE CAU_THU
SET
  PICTURE = "https://resources.premierleague.com/premierleague/photos/players/250x250/p43670.png"
WHERE
  ID_CAU_THU = 1057;

UPDATE CAU_THU
SET
  PICTURE = "https://resources.premierleague.com/premierleague/photos/players/250x250/p8378.png"
WHERE
  ID_CAU_THU = 1075;

UPDATE CAU_THU
SET
  PICTURE = "https://img.a.transfermarkt.technology/portrait/big/68390-1627488566.jpg?lm=1"
WHERE
  ID_CAU_THU = 1076;

UPDATE CAU_THU
SET
  PICTURE = "https://resources.premierleague.com/premierleague/photos/players/250x250/p6219.png"
WHERE
  ID_CAU_THU = 1077;

UPDATE CAU_THU
SET
  PICTURE = "https://resources.premierleague.com/premierleague/photos/players/250x250/p1869.png"
WHERE
  ID_CAU_THU = 1094;

UPDATE CAU_THU
SET
  PICTURE = "https://resources.premierleague.com/premierleague/photos/players/250x250/p15284.png"
WHERE
  ID_CAU_THU = 1095;

UPDATE CAU_THU
SET
  PICTURE = "https://img.a.transfermarkt.technology/portrait/big/4277-1521307855.JPG?lm=1"
WHERE
  ID_CAU_THU = 1096;

UPDATE CAU_THU
SET
  PICTURE = "https://i2-prod.liverpoolecho.co.uk/incoming/article3005312.ece/ALTERNATES/s615/alexander-doni-620-806254691.jpg"
WHERE
  ID_CAU_THU = 1115;

UPDATE CAU_THU
SET
  PICTURE = "https://static.wikia.nocookie.net/liverpoolfc/images/c/cc/SDowning.jpg/revision/latest?cb=20130809161952"
WHERE
  ID_CAU_THU = 1116;

UPDATE CAU_THU
SET
  PICTURE = "https://i.guim.co.uk/img/media/25824c1c4e82b85aee911cd2d911e2f39d81b942/0_231_2553_1531/master/2553.jpg?width=1200&height=1200&quality=85&auto=format&fit=crop&s=f6c4cb646e586ea05bc018c81f31fcb9"
WHERE
  ID_CAU_THU = 1117;

UPDATE CAU_THU
SET
  PICTURE = "https://static.bongda24h.vn/medias/standard/2015/7/5/samir-nasri-toi-tha-chet-cung-khong-quay-lai-arsenal.jpg"
WHERE
  ID_CAU_THU = 1135;

UPDATE CAU_THU
SET
  PICTURE = "https://img.a.transfermarkt.technology/portrait/big/28396-1661268909.jpg?lm=1"
WHERE
  ID_CAU_THU = 1136;

UPDATE CAU_THU
SET
  PICTURE = "https://upload.wikimedia.org/wikipedia/commons/thumb/b/be/2017_Scott_Sinclair_%28cropped%29.jpg/640px-2017_Scott_Sinclair_%28cropped%29.jpg"
WHERE
  ID_CAU_THU = 1137;

UPDATE CAU_THU
SET
  PICTURE = "https://resources.premierleague.com/premierleague/photos/players/250x250/p43250.png"
WHERE
  ID_CAU_THU = 1156;

UPDATE CAU_THU
SET
  PICTURE = "https://upload.wikimedia.org/wikipedia/commons/6/68/David_de_Gea_2017.jpg"
WHERE
  ID_CAU_THU = 1157;

UPDATE CAU_THU
SET
  PICTURE = "https://static.bongda24h.vn/medias/original/2021/9/21/6_jonnyevans.jpg"
WHERE
  ID_CAU_THU = 1158;

UPDATE CAU_THU
SET
  PICTURE = "https://resources.premierleague.com/premierleague/photos/players/250x250/p42758.png"
WHERE
  ID_CAU_THU = 1181;

UPDATE CAU_THU
SET
  PICTURE = "https://encrypted-tbn0.gstatic.com/images?q=tbn:ANd9GcT_3zTRcsG8iynXqdmq_A1u1rxHtJnhV6e_4GIrVP2d9g&s"
WHERE
  ID_CAU_THU = 1182;

UPDATE CAU_THU
SET
  PICTURE = "https://resources.premierleague.com/premierleague/photos/players/250x250/p19838.png"
WHERE
  ID_CAU_THU = 1183;

UPDATE CAU_THU
SET
  PICTURE = "https://i2-prod.plymouthherald.co.uk/sport/football/article1854243.ece/ALTERNATES/s615/0_David-FoxJPG.jpg"
WHERE
  ID_CAU_THU = 1203;

UPDATE CAU_THU
SET
  PICTURE = "https://img.a.transfermarkt.technology/portrait/big/23218-1447321513.jpg?lm=1"
WHERE
  ID_CAU_THU = 1204;

UPDATE CAU_THU
SET
  PICTURE = "https://resources.premierleague.com/premierleague/photos/players/250x250/p5741.png"
WHERE
  ID_CAU_THU = 1205;

UPDATE CAU_THU
SET
  PICTURE = "https://nguoinoitieng.tv/images/nnt/30/0/wz6.jpg"
WHERE
  ID_CAU_THU = 1228;

UPDATE CAU_THU
SET
  PICTURE = "https://resources.premierleague.com/premierleague/photos/players/250x250/p1195.png"
WHERE
  ID_CAU_THU = 1229;

UPDATE CAU_THU
SET
  PICTURE = "https://playersbio.com/wp-content/uploads/2022/01/Djibril-Cisse-.jpeg"
WHERE
  ID_CAU_THU =1230;

UPDATE CAU_THU
SET
  PICTURE = "https://img.a.transfermarkt.technology/portrait/big/46106-1646998479.jpg?lm=1"
WHERE
  ID_CAU_THU = 1253;

UPDATE CAU_THU
SET
  PICTURE = "https://s.hs-data.com/bilder/spieler/gross/24542.jpg"
WHERE
  ID_CAU_THU = 1254;

UPDATE CAU_THU
SET
  PICTURE = "https://img.a.transfermarkt.technology/portrait/big/69653-1596528340.jpg?lm=1"
WHERE
  ID_CAU_THU = 1255;

UPDATE CAU_THU
SET
  PICTURE = "https://www.doverathletic.com/wp-content/uploads/2019/08/16-RYAN-DICKSON-222x300.jpg"
WHERE
  ID_CAU_THU = 1278;

UPDATE CAU_THU
SET
  PICTURE = "https://encrypted-tbn0.gstatic.com/images?q=tbn:ANd9GcQWgmnQzwHfu4WgVDls2pGqRAJ-Doozom234hnX23hS&s"
WHERE
  ID_CAU_THU = 1279;

UPDATE CAU_THU
SET
  PICTURE = "https://img.a.transfermarkt.technology/portrait/big/33829-1666690457.jpg?lm=1"
WHERE
  ID_CAU_THU = 1280;

UPDATE CAU_THU
SET
  PICTURE = "https://resources.premierleague.com/premierleague/photos/players/250x250/p2570.png"
WHERE
  ID_CAU_THU = 1301;

UPDATE CAU_THU
SET
  PICTURE = "https://resources.premierleague.com/premierleague/photos/players/250x250/p12413.png"
WHERE
  ID_CAU_THU = 1302;

UPDATE CAU_THU
SET
  PICTURE = "https://img.a.transfermarkt.technology/portrait/big/35855-1589940954.png?lm=1"
WHERE
  ID_CAU_THU = 1303;

UPDATE CAU_THU
SET
  PICTURE = "https://img.a.transfermarkt.technology/portrait/big/s_16576_405_2009_1.jpg?lm=1"
WHERE
  ID_CAU_THU = 1326;

UPDATE CAU_THU
SET
  PICTURE = "https://resources.premierleague.com/premierleague/photos/players/250x250/p18953.png"
WHERE
  ID_CAU_THU = 1327;

UPDATE CAU_THU
SET
  PICTURE = "https://resources.premierleague.com/premierleague/photos/players/250x250/p28468.png"
WHERE
  ID_CAU_THU = 1328;

UPDATE CAU_THU
SET
  PICTURE = "https://i2-prod.mirror.co.uk/incoming/article1594989.ece/ALTERNATES/s1200c/Danny%20Graham.jpg"
WHERE
  ID_CAU_THU = 1347;

UPDATE CAU_THU
SET
  PICTURE = "https://img.a.transfermarkt.technology/portrait/big/46220-1515756050.jpg?lm=1"
WHERE
  ID_CAU_THU = 1348;

UPDATE CAU_THU
SET
  PICTURE = "https://resources.premierleague.com/premierleague/photos/players/250x250/p76542.png"
WHERE
  ID_CAU_THU = 1349;

UPDATE CAU_THU
SET
  PICTURE = "https://encrypted-tbn0.gstatic.com/images?q=tbn:ANd9GcQimXsvPo-ngLoU7BLaUb-0Jd8DkprLYefaU0J8i5hZ&s"
WHERE
  ID_CAU_THU = 1369;

UPDATE CAU_THU
SET
  PICTURE = "https://upload.wikimedia.org/wikipedia/commons/7/7a/Jan_Vertonghen_Belgium.jpg"
WHERE
  ID_CAU_THU = 1370;

UPDATE CAU_THU
SET
  PICTURE = "https://i.dailymail.co.uk/i/pix/2012/05/08/article-0-12514CA6000005DC-119_468x392.jpg"
WHERE
  ID_CAU_THU = 1371;

UPDATE CAU_THU
SET
  PICTURE = "https://img.a.transfermarkt.technology/portrait/big/13572-1580388679.jpg?lm=1g"
WHERE
  ID_CAU_THU = 1394;

UPDATE CAU_THU
SET
  PICTURE = "https://img.a.transfermarkt.technology/portrait/big/18324-1464960485.jpg?lm=1"
WHERE
  ID_CAU_THU = 1395;

UPDATE CAU_THU
SET
  PICTURE = "https://b.fssta.com/uploads/application/soccer/headshots/6749.vresize.350.350.medium.29.png"
WHERE
  ID_CAU_THU = 1396;

UPDATE CAU_THU
SET
  PICTURE = "https://img.a.transfermarkt.technology/portrait/big/70950-1547722322.jpg?lm=1"
WHERE
  ID_CAU_THU = 1418;

UPDATE CAU_THU
SET
  PICTURE = "https://upload.wikimedia.org/wikipedia/commons/1/1f/AlouDiarra.JPG"
WHERE
  ID_CAU_THU = 1419;

UPDATE CAU_THU
SET
  PICTURE = "https://img.a.transfermarkt.technology/portrait/big/s_52191_379_2013_04_09_1.jpg?lm=1"
WHERE
  ID_CAU_THU = 1420;

UPDATE CAU_THU
SET
  PICTURE = "https://s.hs-data.com/bilder/spieler/gross/60638.jpg"
WHERE
  ID_CAU_THU = 1440;

UPDATE CAU_THU
SET
  PICTURE = "https://img.a.transfermarkt.technology/portrait/big/59783-1636128893.JPG?lm=1"
WHERE
  ID_CAU_THU = 1441;

UPDATE CAU_THU
SET
  PICTURE = "https://img.a.transfermarkt.technology/portrait/big/62240-1618676444.jpg?lm=1"
WHERE
  ID_CAU_THU = 1442;

SELECT
  *
FROM
  CAU_THU;

-- GIAI DAU
INSERT GIAI_DAU (
  ID_GIAI_DAU,
  TEN_GD,
  NGAY_BAT_DAU,
  NGAY_KET_THUC
) VALUES (
  1,
  'premier league season 2020/21',
  '2020-09-12',
  '2021-05-23'
);

INSERT GIAI_DAU (
  ID_GIAI_DAU,
  TEN_GD,
  NGAY_BAT_DAU,
  NGAY_KET_THUC
) VALUES (
  2,
  'premier league season 2021/22',
  '2021-08-13',
  '2022-05-23'
);

INSERT GIAI_DAU (
  ID_GIAI_DAU,
  TEN_GD,
  NGAY_BAT_DAU,
  NGAY_KET_THUC
) VALUES (
  3,
  'premier league season 2022/23',
  '2022-08-06',
  '2023-05-28'
);

SELECT
  *
FROM
  GIAI_DAU;

-- BANG XEP HANG
INSERT INTO "BANG_XEP_HANG" (
  ID_BXH,
  HANG,
  THANG,
  HOA,
  THUA,
  TONG_DIEM,
  DOI_BONG_ID_DOI_BONG,
  GIAI_DAU_ID_GIAI_DAU
) VALUES (
  1,
  1,
  27,
  5,
  6,
  86,
  '102',
  '1'
);

INSERT INTO "BANG_XEP_HANG" (
  ID_BXH,
  HANG,
  THANG,
  HOA,
  THUA,
  TONG_DIEM,
  DOI_BONG_ID_DOI_BONG,
  GIAI_DAU_ID_GIAI_DAU
) VALUES (
  2,
  2,
  21,
  11,
  6,
  74,
  '101',
  '1'
);

INSERT INTO "BANG_XEP_HANG" (
  ID_BXH,
  HANG,
  THANG,
  HOA,
  THUA,
  TONG_DIEM,
  DOI_BONG_ID_DOI_BONG,
  GIAI_DAU_ID_GIAI_DAU
) VALUES (
  3,
  3,
  20,
  9,
  9,
  69,
  '103',
  '1'
);

INSERT INTO "BANG_XEP_HANG" (
  ID_BXH,
  HANG,
  THANG,
  HOA,
  THUA,
  TONG_DIEM,
  DOI_BONG_ID_DOI_BONG,
  GIAI_DAU_ID_GIAI_DAU
) VALUES (
  4,
  4,
  19,
  10,
  9,
  67,
  '104',
  '1'
);

INSERT INTO "BANG_XEP_HANG" (
  ID_BXH,
  HANG,
  THANG,
  HOA,
  THUA,
  TONG_DIEM,
  DOI_BONG_ID_DOI_BONG,
  GIAI_DAU_ID_GIAI_DAU
) VALUES (
  5,
  5,
  20,
  6,
  12,
  66,
  '105',
  '1'
);

INSERT INTO "BANG_XEP_HANG" (
  ID_BXH,
  HANG,
  THANG,
  HOA,
  THUA,
  TONG_DIEM,
  DOI_BONG_ID_DOI_BONG,
  GIAI_DAU_ID_GIAI_DAU
) VALUES (
  6,
  6,
  19,
  8,
  11,
  65,
  '106',
  '1'
);

INSERT INTO "BANG_XEP_HANG" (
  ID_BXH,
  HANG,
  THANG,
  HOA,
  THUA,
  TONG_DIEM,
  DOI_BONG_ID_DOI_BONG,
  GIAI_DAU_ID_GIAI_DAU
) VALUES (
  7,
  7,
  18,
  8,
  12,
  62,
  '107',
  '1'
);

INSERT INTO "BANG_XEP_HANG" (
  ID_BXH,
  HANG,
  THANG,
  HOA,
  THUA,
  TONG_DIEM,
  DOI_BONG_ID_DOI_BONG,
  GIAI_DAU_ID_GIAI_DAU
) VALUES (
  8,
  8,
  18,
  7,
  13,
  62,
  '108',
  '1'
);

INSERT INTO "BANG_XEP_HANG" (
  ID_BXH,
  HANG,
  THANG,
  HOA,
  THUA,
  TONG_DIEM,
  DOI_BONG_ID_DOI_BONG,
  GIAI_DAU_ID_GIAI_DAU
) VALUES (
  9,
  9,
  18,
  5,
  15,
  61,
  '109',
  '1'
);

INSERT INTO "BANG_XEP_HANG" (
  ID_BXH,
  HANG,
  THANG,
  HOA,
  THUA,
  TONG_DIEM,
  DOI_BONG_ID_DOI_BONG,
  GIAI_DAU_ID_GIAI_DAU
) VALUES (
  10,
  10,
  17,
  8,
  17,
  59,
  '110',
  '1'
);

INSERT INTO "BANG_XEP_HANG" (
  ID_BXH,
  HANG,
  THANG,
  HOA,
  THUA,
  TONG_DIEM,
  DOI_BONG_ID_DOI_BONG,
  GIAI_DAU_ID_GIAI_DAU
) VALUES (
  11,
  11,
  16,
  7,
  17,
  55,
  '111',
  '1'
);

INSERT INTO "BANG_XEP_HANG" (
  ID_BXH,
  HANG,
  THANG,
  HOA,
  THUA,
  TONG_DIEM,
  DOI_BONG_ID_DOI_BONG,
  GIAI_DAU_ID_GIAI_DAU
) VALUES (
  12,
  12,
  12,
  9,
  18,
  45,
  '112',
  '1'
);

INSERT INTO "BANG_XEP_HANG" (
  ID_BXH,
  HANG,
  THANG,
  HOA,
  THUA,
  TONG_DIEM,
  DOI_BONG_ID_DOI_BONG,
  GIAI_DAU_ID_GIAI_DAU
) VALUES (
  13,
  13,
  12,
  9,
  19,
  45,
  '113',
  '1'
);

INSERT INTO "BANG_XEP_HANG" (
  ID_BXH,
  HANG,
  THANG,
  HOA,
  THUA,
  TONG_DIEM,
  DOI_BONG_ID_DOI_BONG,
  GIAI_DAU_ID_GIAI_DAU
) VALUES (
  14,
  14,
  12,
  8,
  18,
  44,
  '114',
  '1'
);

INSERT INTO "BANG_XEP_HANG" (
  ID_BXH,
  HANG,
  THANG,
  HOA,
  THUA,
  TONG_DIEM,
  DOI_BONG_ID_DOI_BONG,
  GIAI_DAU_ID_GIAI_DAU
) VALUES (
  15,
  15,
  12,
  7,
  19,
  43,
  '115',
  '1'
);

INSERT INTO "BANG_XEP_HANG" (
  ID_BXH,
  HANG,
  THANG,
  HOA,
  THUA,
  TONG_DIEM,
  DOI_BONG_ID_DOI_BONG,
  GIAI_DAU_ID_GIAI_DAU
) VALUES (
  16,
  16,
  9,
  14,
  15,
  41,
  '116',
  '1'
);

INSERT INTO "BANG_XEP_HANG" (
  ID_BXH,
  HANG,
  THANG,
  HOA,
  THUA,
  TONG_DIEM,
  DOI_BONG_ID_DOI_BONG,
  GIAI_DAU_ID_GIAI_DAU
) VALUES (
  17,
  17,
  10,
  9,
  19,
  39,
  '117',
  '1'
);

INSERT INTO "BANG_XEP_HANG" (
  ID_BXH,
  HANG,
  THANG,
  HOA,
  THUA,
  TONG_DIEM,
  DOI_BONG_ID_DOI_BONG,
  GIAI_DAU_ID_GIAI_DAU
) VALUES (
  18,
  18,
  5,
  13,
  20,
  28,
  '118',
  '1'
);

INSERT INTO "BANG_XEP_HANG" (
  ID_BXH,
  HANG,
  THANG,
  HOA,
  THUA,
  TONG_DIEM,
  DOI_BONG_ID_DOI_BONG,
  GIAI_DAU_ID_GIAI_DAU
) VALUES (
  19,
  19,
  5,
  11,
  22,
  26,
  '119',
  '1'
);

INSERT INTO "BANG_XEP_HANG" (
  ID_BXH,
  HANG,
  THANG,
  HOA,
  THUA,
  TONG_DIEM,
  DOI_BONG_ID_DOI_BONG,
  GIAI_DAU_ID_GIAI_DAU
) VALUES (
  20,
  20,
  7,
  2,
  29,
  23,
  '120',
  '1'
);

SELECT
  *
FROM
  BANG_XEP_HANG;

-- TRAN DAU
INSERT INTO "TRAN_DAU" (
  ID_TRAN_DAU,
  DOI_BONG_ID_DOI_BONG_1,
  DOI_BONG_ID_DOI_BONG_2,
  VONG_DAU,
  GIAI_DAU_ID_GIAI_DAU,
  SAN,
  LICH_THI_DAU
) VALUES (
  1,
  112,
  111,
  1,
  1,
  'Craven Cottage',
  '2022-12-25 20:00:00'
);

INSERT INTO "TRAN_DAU" (
  ID_TRAN_DAU,
  DOI_BONG_ID_DOI_BONG_1,
  DOI_BONG_ID_DOI_BONG_2,
  VONG_DAU,
  GIAI_DAU_ID_GIAI_DAU,
  SAN,
  LICH_THI_DAU
) VALUES (
  2,
  120,
  109,
  1,
  1,
  'Loftus Road',
  '2022-12-26 20:00:00'
);

INSERT INTO "TRAN_DAU" (
  ID_TRAN_DAU,
  DOI_BONG_ID_DOI_BONG_1,
  DOI_BONG_ID_DOI_BONG_2,
  VONG_DAU,
  GIAI_DAU_ID_GIAI_DAU,
  SAN,
  LICH_THI_DAU
) VALUES (
  3,
  119,
  113,
  1,
  1,
  'Madejski Stadium',
  '2022-12-27 20:00:00'
);

INSERT INTO "TRAN_DAU" (
  ID_TRAN_DAU,
  DOI_BONG_ID_DOI_BONG_1,
  DOI_BONG_ID_DOI_BONG_2,
  VONG_DAU,
  GIAI_DAU_ID_GIAI_DAU,
  SAN,
  LICH_THI_DAU
) VALUES (
  4,
  108,
  107,
  1,
  1,
  'The Hawthorns',
  '2022-12-28 20:00:00'
);

INSERT INTO "TRAN_DAU" (
  ID_TRAN_DAU,
  DOI_BONG_ID_DOI_BONG_1,
  DOI_BONG_ID_DOI_BONG_2,
  VONG_DAU,
  GIAI_DAU_ID_GIAI_DAU,
  SAN,
  LICH_THI_DAU
) VALUES (
  5,
  110,
  115,
  1,
  1,
  'Upton Park',
  '2022-12-29 20:00:00'
);

INSERT INTO "TRAN_DAU" (
  ID_TRAN_DAU,
  DOI_BONG_ID_DOI_BONG_1,
  DOI_BONG_ID_DOI_BONG_2,
  VONG_DAU,
  GIAI_DAU_ID_GIAI_DAU,
  SAN,
  LICH_THI_DAU
) VALUES (
  6,
  104,
  117,
  1,
  1,
  'Emirates Stadium',
  '2022-12-30 20:00:00'
);

INSERT INTO "TRAN_DAU" (
  ID_TRAN_DAU,
  DOI_BONG_ID_DOI_BONG_1,
  DOI_BONG_ID_DOI_BONG_2,
  VONG_DAU,
  GIAI_DAU_ID_GIAI_DAU,
  SAN,
  LICH_THI_DAU
) VALUES (
  7,
  116,
  105,
  1,
  1,
  'St James'' Park',
  '2022-12-31 20:00:00'
);

INSERT INTO "TRAN_DAU" (
  ID_TRAN_DAU,
  DOI_BONG_ID_DOI_BONG_1,
  DOI_BONG_ID_DOI_BONG_2,
  VONG_DAU,
  GIAI_DAU_ID_GIAI_DAU,
  SAN,
  LICH_THI_DAU
) VALUES (
  8,
  118,
  103,
  1,
  1,
  'DW Stadium',
  '2023-01-01 20:00:00'
);

INSERT INTO "TRAN_DAU" (
  ID_TRAN_DAU,
  DOI_BONG_ID_DOI_BONG_1,
  DOI_BONG_ID_DOI_BONG_2,
  VONG_DAU,
  GIAI_DAU_ID_GIAI_DAU,
  SAN,
  LICH_THI_DAU
) VALUES (
  9,
  102,
  114,
  1,
  1,
  'Etihad Stadium',
  '2023-01-02 20:00:00'
);

INSERT INTO "TRAN_DAU" (
  ID_TRAN_DAU,
  DOI_BONG_ID_DOI_BONG_1,
  DOI_BONG_ID_DOI_BONG_2,
  VONG_DAU,
  GIAI_DAU_ID_GIAI_DAU,
  SAN,
  LICH_THI_DAU
) VALUES (
  10,
  106,
  101,
  1,
  1,
  'Goodison Park',
  '2023-01-03 20:00:00'
);

INSERT INTO "TRAN_DAU" (
  ID_TRAN_DAU,
  DOI_BONG_ID_DOI_BONG_1,
  DOI_BONG_ID_DOI_BONG_2,
  VONG_DAU,
  GIAI_DAU_ID_GIAI_DAU,
  SAN,
  LICH_THI_DAU
) VALUES (
  11,
  103,
  119,
  1,
  2,
  'Madejski Stadium',
  '2023-01-04 20:00:00'
);

INSERT INTO "TRAN_DAU" (
  ID_TRAN_DAU,
  DOI_BONG_ID_DOI_BONG_1,
  DOI_BONG_ID_DOI_BONG_2,
  VONG_DAU,
  GIAI_DAU_ID_GIAI_DAU,
  SAN,
  LICH_THI_DAU
) VALUES (
  12,
  109,
  110,
  1,
  2,
  'Upton Park',
  '2023-01-05 20:00:00'
);

INSERT INTO "TRAN_DAU" (
  ID_TRAN_DAU,
  DOI_BONG_ID_DOI_BONG_1,
  DOI_BONG_ID_DOI_BONG_2,
  VONG_DAU,
  GIAI_DAU_ID_GIAI_DAU,
  SAN,
  LICH_THI_DAU
) VALUES (
  13,
  115,
  106,
  1,
  2,
  'Goodison Park',
  '2023-01-06 20:00:00'
);

INSERT INTO "TRAN_DAU" (
  ID_TRAN_DAU,
  DOI_BONG_ID_DOI_BONG_1,
  DOI_BONG_ID_DOI_BONG_2,
  VONG_DAU,
  GIAI_DAU_ID_GIAI_DAU,
  SAN,
  LICH_THI_DAU
) VALUES (
  14,
  101,
  112,
  1,
  2,
  'Craven Cottage',
  '2023-01-07 20:00:00'
);

INSERT INTO "TRAN_DAU" (
  ID_TRAN_DAU,
  DOI_BONG_ID_DOI_BONG_1,
  DOI_BONG_ID_DOI_BONG_2,
  VONG_DAU,
  GIAI_DAU_ID_GIAI_DAU,
  SAN,
  LICH_THI_DAU
) VALUES (
  15,
  111,
  120,
  1,
  2,
  'Loftus Road',
  '2023-01-08 20:00:00'
);

INSERT INTO "TRAN_DAU" (
  ID_TRAN_DAU,
  DOI_BONG_ID_DOI_BONG_1,
  DOI_BONG_ID_DOI_BONG_2,
  VONG_DAU,
  GIAI_DAU_ID_GIAI_DAU,
  SAN,
  LICH_THI_DAU
) VALUES (
  16,
  114,
  118,
  1,
  2,
  'DW Stadium',
  '2023-01-09 20:00:00'
);

INSERT INTO "TRAN_DAU" (
  ID_TRAN_DAU,
  DOI_BONG_ID_DOI_BONG_1,
  DOI_BONG_ID_DOI_BONG_2,
  VONG_DAU,
  GIAI_DAU_ID_GIAI_DAU,
  SAN,
  LICH_THI_DAU
) VALUES (
  17,
  105,
  108,
  1,
  2,
  'The Hawthorns',
  '2023-01-10 20:00:00'
);

INSERT INTO "TRAN_DAU" (
  ID_TRAN_DAU,
  DOI_BONG_ID_DOI_BONG_1,
  DOI_BONG_ID_DOI_BONG_2,
  VONG_DAU,
  GIAI_DAU_ID_GIAI_DAU,
  SAN,
  LICH_THI_DAU
) VALUES (
  18,
  103,
  116,
  1,
  2,
  'St James'' Park',
  '2023-01-11 20:00:00'
);

INSERT INTO "TRAN_DAU" (
  ID_TRAN_DAU,
  DOI_BONG_ID_DOI_BONG_1,
  DOI_BONG_ID_DOI_BONG_2,
  VONG_DAU,
  GIAI_DAU_ID_GIAI_DAU,
  SAN,
  LICH_THI_DAU
) VALUES (
  19,
  113,
  104,
  1,
  3,
  'Emirates Stadium',
  '2023-01-12 20:00:00'
);

INSERT INTO "TRAN_DAU" (
  ID_TRAN_DAU,
  DOI_BONG_ID_DOI_BONG_1,
  DOI_BONG_ID_DOI_BONG_2,
  VONG_DAU,
  GIAI_DAU_ID_GIAI_DAU,
  SAN,
  LICH_THI_DAU
) VALUES (
  20,
  107,
  102,
  1,
  3,
  'Etihad Stadium',
  '2023-01-13 20:00:00'
);

INSERT INTO "TRAN_DAU" (
  ID_TRAN_DAU,
  DOI_BONG_ID_DOI_BONG_1,
  DOI_BONG_ID_DOI_BONG_2,
  VONG_DAU,
  GIAI_DAU_ID_GIAI_DAU,
  SAN,
  LICH_THI_DAU
) VALUES (
  21,
  110,
  112,
  1,
  3,
  'Craven Cottage',
  '2023-01-14 20:00:00'
);

INSERT INTO "TRAN_DAU" (
  ID_TRAN_DAU,
  DOI_BONG_ID_DOI_BONG_1,
  DOI_BONG_ID_DOI_BONG_2,
  VONG_DAU,
  GIAI_DAU_ID_GIAI_DAU,
  SAN,
  LICH_THI_DAU
) VALUES (
  22,
  109,
  117,
  1,
  3,
  'Stadium of Light',
  '2023-01-15 20:00:00'
);

INSERT INTO "TRAN_DAU" (
  ID_TRAN_DAU,
  DOI_BONG_ID_DOI_BONG_1,
  DOI_BONG_ID_DOI_BONG_2,
  VONG_DAU,
  GIAI_DAU_ID_GIAI_DAU,
  SAN,
  LICH_THI_DAU
) VALUES (
  23,
  105,
  111,
  1,
  3,
  'Carrow Road',
  '2023-01-16 20:00:00'
);

INSERT INTO "TRAN_DAU" (
  ID_TRAN_DAU,
  DOI_BONG_ID_DOI_BONG_1,
  DOI_BONG_ID_DOI_BONG_2,
  VONG_DAU,
  GIAI_DAU_ID_GIAI_DAU,
  SAN,
  LICH_THI_DAU
) VALUES (
  24,
  108,
  106,
  1,
  3,
  'Goodison Park',
  '2023-01-17 20:00:00'
);

INSERT INTO "TRAN_DAU" (
  ID_TRAN_DAU,
  DOI_BONG_ID_DOI_BONG_1,
  DOI_BONG_ID_DOI_BONG_2,
  VONG_DAU,
  GIAI_DAU_ID_GIAI_DAU,
  SAN,
  LICH_THI_DAU
) VALUES (
  25,
  118,
  113,
  1,
  3,
  'Britannia Stadium',
  '2023-01-18 20:00:00'
);

INSERT INTO "TRAN_DAU" (
  ID_TRAN_DAU,
  DOI_BONG_ID_DOI_BONG_1,
  DOI_BONG_ID_DOI_BONG_2,
  VONG_DAU,
  GIAI_DAU_ID_GIAI_DAU,
  SAN,
  LICH_THI_DAU
) VALUES (
  26,
  102,
  120,
  1,
  3,
  'Loftus Road',
  '2023-01-19 20:00:00'
);

SELECT
  *
FROM
  TRAN_DAU;

-- KET QUA TRAN DAU
INSERT INTO "KET_QUA_TRAN_DAU" (
  TEN_DOI_THANG,
  TEN_DOI_THUA,
  TI_SO,
  TRAN_DAU_ID_TRAN_DAU,
  TRAN_DAU_DOI_BONG_ID_DOI_BONG_1,
  TRAN_DAU_DOI_BONG_ID_DOI_BONG_2,
  TRAN_DAU_GIAI_DAU_ID_GIAI_DAU
) VALUES (
  'Fulham',
  'Norwich City',
  '5-0',
  1,
  112,
  111,
  1
);

INSERT INTO "KET_QUA_TRAN_DAU" (
  TEN_DOI_THANG,
  TEN_DOI_THUA,
  TI_SO,
  TRAN_DAU_ID_TRAN_DAU,
  TRAN_DAU_DOI_BONG_ID_DOI_BONG_1,
  TRAN_DAU_DOI_BONG_ID_DOI_BONG_2,
  TRAN_DAU_GIAI_DAU_ID_GIAI_DAU
) VALUES (
  'Queens Park Rangers',
  'Swansea City',
  '0-5',
  2,
  120,
  109,
  1
);

INSERT INTO "KET_QUA_TRAN_DAU" (
  TEN_DOI_THANG,
  TEN_DOI_THUA,
  TI_SO,
  TRAN_DAU_ID_TRAN_DAU,
  TRAN_DAU_DOI_BONG_ID_DOI_BONG_1,
  TRAN_DAU_DOI_BONG_ID_DOI_BONG_2,
  TRAN_DAU_GIAI_DAU_ID_GIAI_DAU
) VALUES (
  'Reading F.C',
  'Stoke City',
  '1-1',
  3,
  119,
  113,
  1
);

INSERT INTO "KET_QUA_TRAN_DAU" (
  TEN_DOI_THANG,
  TEN_DOI_THUA,
  TI_SO,
  TRAN_DAU_ID_TRAN_DAU,
  TRAN_DAU_DOI_BONG_ID_DOI_BONG_1,
  TRAN_DAU_DOI_BONG_ID_DOI_BONG_2,
  TRAN_DAU_GIAI_DAU_ID_GIAI_DAU
) VALUES (
  'West Bromwich Albion',
  'Liverpool',
  '3-0',
  4,
  108,
  107,
  1
);

INSERT INTO "KET_QUA_TRAN_DAU" (
  TEN_DOI_THANG,
  TEN_DOI_THUA,
  TI_SO,
  TRAN_DAU_ID_TRAN_DAU,
  TRAN_DAU_DOI_BONG_ID_DOI_BONG_1,
  TRAN_DAU_DOI_BONG_ID_DOI_BONG_2,
  TRAN_DAU_GIAI_DAU_ID_GIAI_DAU
) VALUES (
  'West Ham United',
  'Aston Villa',
  '1-0',
  5,
  110,
  115,
  1
);

INSERT INTO "KET_QUA_TRAN_DAU" (
  TEN_DOI_THANG,
  TEN_DOI_THUA,
  TI_SO,
  TRAN_DAU_ID_TRAN_DAU,
  TRAN_DAU_DOI_BONG_ID_DOI_BONG_1,
  TRAN_DAU_DOI_BONG_ID_DOI_BONG_2,
  TRAN_DAU_GIAI_DAU_ID_GIAI_DAU
) VALUES (
  'Arsenal',
  'Sunderland',
  '0-0',
  6,
  104,
  117,
  1
);

INSERT INTO "KET_QUA_TRAN_DAU" (
  TEN_DOI_THANG,
  TEN_DOI_THUA,
  TI_SO,
  TRAN_DAU_ID_TRAN_DAU,
  TRAN_DAU_DOI_BONG_ID_DOI_BONG_1,
  TRAN_DAU_DOI_BONG_ID_DOI_BONG_2,
  TRAN_DAU_GIAI_DAU_ID_GIAI_DAU
) VALUES (
  'Newcastle United',
  'Tottenham Hotspur',
  '2-1',
  7,
  116,
  105,
  1
);

INSERT INTO "KET_QUA_TRAN_DAU" (
  TEN_DOI_THANG,
  TEN_DOI_THUA,
  TI_SO,
  TRAN_DAU_ID_TRAN_DAU,
  TRAN_DAU_DOI_BONG_ID_DOI_BONG_1,
  TRAN_DAU_DOI_BONG_ID_DOI_BONG_2,
  TRAN_DAU_GIAI_DAU_ID_GIAI_DAU
) VALUES (
  'Wigan Athletic',
  'Chelsea',
  '0-2',
  8,
  118,
  103,
  1
);

INSERT INTO "KET_QUA_TRAN_DAU" (
  TEN_DOI_THANG,
  TEN_DOI_THUA,
  TI_SO,
  TRAN_DAU_ID_TRAN_DAU,
  TRAN_DAU_DOI_BONG_ID_DOI_BONG_1,
  TRAN_DAU_DOI_BONG_ID_DOI_BONG_2,
  TRAN_DAU_GIAI_DAU_ID_GIAI_DAU
) VALUES (
  'Manchester City',
  'Southampton',
  '3-2',
  9,
  102,
  114,
  1
);

INSERT INTO "KET_QUA_TRAN_DAU" (
  TEN_DOI_THANG,
  TEN_DOI_THUA,
  TI_SO,
  TRAN_DAU_ID_TRAN_DAU,
  TRAN_DAU_DOI_BONG_ID_DOI_BONG_1,
  TRAN_DAU_DOI_BONG_ID_DOI_BONG_2,
  TRAN_DAU_GIAI_DAU_ID_GIAI_DAU
) VALUES (
  'Everton',
  'Manchester United',
  '1-0',
  10,
  106,
  101,
  1
);

INSERT INTO "KET_QUA_TRAN_DAU" (
  TEN_DOI_THANG,
  TEN_DOI_THUA,
  TI_SO,
  TRAN_DAU_ID_TRAN_DAU,
  TRAN_DAU_DOI_BONG_ID_DOI_BONG_1,
  TRAN_DAU_DOI_BONG_ID_DOI_BONG_2,
  TRAN_DAU_GIAI_DAU_ID_GIAI_DAU
) VALUES (
  'Chelsea',
  'Reading F.C',
  '4-2',
  11,
  103,
  119,
  2
);

INSERT INTO "KET_QUA_TRAN_DAU" (
  TEN_DOI_THANG,
  TEN_DOI_THUA,
  TI_SO,
  TRAN_DAU_ID_TRAN_DAU,
  TRAN_DAU_DOI_BONG_ID_DOI_BONG_1,
  TRAN_DAU_DOI_BONG_ID_DOI_BONG_2,
  TRAN_DAU_GIAI_DAU_ID_GIAI_DAU
) VALUES (
  'Swansea City',
  'West Ham United',
  '3-0',
  12,
  109,
  110,
  2
);

INSERT INTO "KET_QUA_TRAN_DAU" (
  TEN_DOI_THANG,
  TEN_DOI_THUA,
  TI_SO,
  TRAN_DAU_ID_TRAN_DAU,
  TRAN_DAU_DOI_BONG_ID_DOI_BONG_1,
  TRAN_DAU_DOI_BONG_ID_DOI_BONG_2,
  TRAN_DAU_GIAI_DAU_ID_GIAI_DAU
) VALUES (
  'Aston Villa',
  'Everton',
  '1-3',
  13,
  115,
  106,
  2
);

INSERT INTO "KET_QUA_TRAN_DAU" (
  TEN_DOI_THANG,
  TEN_DOI_THUA,
  TI_SO,
  TRAN_DAU_ID_TRAN_DAU,
  TRAN_DAU_DOI_BONG_ID_DOI_BONG_1,
  TRAN_DAU_DOI_BONG_ID_DOI_BONG_2,
  TRAN_DAU_GIAI_DAU_ID_GIAI_DAU
) VALUES (
  'Manchester United',
  'Fulham',
  '3-2',
  14,
  101,
  112,
  2
);

INSERT INTO "KET_QUA_TRAN_DAU" (
  TEN_DOI_THANG,
  TEN_DOI_THUA,
  TI_SO,
  TRAN_DAU_ID_TRAN_DAU,
  TRAN_DAU_DOI_BONG_ID_DOI_BONG_1,
  TRAN_DAU_DOI_BONG_ID_DOI_BONG_2,
  TRAN_DAU_GIAI_DAU_ID_GIAI_DAU
) VALUES (
  'Norwich City',
  'Queens Park Rangers',
  '1-1',
  15,
  111,
  120,
  2
);

INSERT INTO "KET_QUA_TRAN_DAU" (
  TEN_DOI_THANG,
  TEN_DOI_THUA,
  TI_SO,
  TRAN_DAU_ID_TRAN_DAU,
  TRAN_DAU_DOI_BONG_ID_DOI_BONG_1,
  TRAN_DAU_DOI_BONG_ID_DOI_BONG_2,
  TRAN_DAU_GIAI_DAU_ID_GIAI_DAU
) VALUES (
  'Southampton',
  'Wigan Athletic',
  '0-2',
  16,
  114,
  118,
  2
);

INSERT INTO "KET_QUA_TRAN_DAU" (
  TEN_DOI_THANG,
  TEN_DOI_THUA,
  TI_SO,
  TRAN_DAU_ID_TRAN_DAU,
  TRAN_DAU_DOI_BONG_ID_DOI_BONG_1,
  TRAN_DAU_DOI_BONG_ID_DOI_BONG_2,
  TRAN_DAU_GIAI_DAU_ID_GIAI_DAU
) VALUES (
  'Tottenham Hotspur',
  'West Bromwich Albion',
  '1-1',
  17,
  105,
  108,
  2
);

INSERT INTO "KET_QUA_TRAN_DAU" (
  TEN_DOI_THANG,
  TEN_DOI_THUA,
  TI_SO,
  TRAN_DAU_ID_TRAN_DAU,
  TRAN_DAU_DOI_BONG_ID_DOI_BONG_1,
  TRAN_DAU_DOI_BONG_ID_DOI_BONG_2,
  TRAN_DAU_GIAI_DAU_ID_GIAI_DAU
) VALUES (
  'Chelsea',
  'Newcastle United',
  '2-0',
  18,
  103,
  116,
  2
);

INSERT INTO "KET_QUA_TRAN_DAU" (
  TEN_DOI_THANG,
  TEN_DOI_THUA,
  TI_SO,
  TRAN_DAU_ID_TRAN_DAU,
  TRAN_DAU_DOI_BONG_ID_DOI_BONG_1,
  TRAN_DAU_DOI_BONG_ID_DOI_BONG_2,
  TRAN_DAU_GIAI_DAU_ID_GIAI_DAU
) VALUES (
  'Stoke City',
  'Arsenal',
  '0-0',
  19,
  113,
  104,
  3
);

INSERT INTO "KET_QUA_TRAN_DAU" (
  TEN_DOI_THANG,
  TEN_DOI_THUA,
  TI_SO,
  TRAN_DAU_ID_TRAN_DAU,
  TRAN_DAU_DOI_BONG_ID_DOI_BONG_1,
  TRAN_DAU_DOI_BONG_ID_DOI_BONG_2,
  TRAN_DAU_GIAI_DAU_ID_GIAI_DAU
) VALUES (
  'Liverpool',
  'Manchester City',
  '2-2',
  20,
  107,
  102,
  3
);

INSERT INTO "KET_QUA_TRAN_DAU" (
  TEN_DOI_THANG,
  TEN_DOI_THUA,
  TI_SO,
  TRAN_DAU_ID_TRAN_DAU,
  TRAN_DAU_DOI_BONG_ID_DOI_BONG_1,
  TRAN_DAU_DOI_BONG_ID_DOI_BONG_2,
  TRAN_DAU_GIAI_DAU_ID_GIAI_DAU
) VALUES (
  'West Ham United',
  'Fulham',
  '3-0',
  21,
  110,
  112,
  3
);

INSERT INTO "KET_QUA_TRAN_DAU" (
  TEN_DOI_THANG,
  TEN_DOI_THUA,
  TI_SO,
  TRAN_DAU_ID_TRAN_DAU,
  TRAN_DAU_DOI_BONG_ID_DOI_BONG_1,
  TRAN_DAU_DOI_BONG_ID_DOI_BONG_2,
  TRAN_DAU_GIAI_DAU_ID_GIAI_DAU
) VALUES (
  'Swansea City',
  'Sunderland',
  '2-2',
  22,
  109,
  117,
  3
);

INSERT INTO "KET_QUA_TRAN_DAU" (
  TEN_DOI_THANG,
  TEN_DOI_THUA,
  TI_SO,
  TRAN_DAU_ID_TRAN_DAU,
  TRAN_DAU_DOI_BONG_ID_DOI_BONG_1,
  TRAN_DAU_DOI_BONG_ID_DOI_BONG_2,
  TRAN_DAU_GIAI_DAU_ID_GIAI_DAU
) VALUES (
  'Tottenham Hotspur',
  'Norwich City',
  '1-1',
  23,
  105,
  111,
  3
);

INSERT INTO "KET_QUA_TRAN_DAU" (
  TEN_DOI_THANG,
  TEN_DOI_THUA,
  TI_SO,
  TRAN_DAU_ID_TRAN_DAU,
  TRAN_DAU_DOI_BONG_ID_DOI_BONG_1,
  TRAN_DAU_DOI_BONG_ID_DOI_BONG_2,
  TRAN_DAU_GIAI_DAU_ID_GIAI_DAU
) VALUES (
  'West Bromwich Albion',
  'Everton',
  '2-0',
  24,
  108,
  106,
  3
);

INSERT INTO "KET_QUA_TRAN_DAU" (
  TEN_DOI_THANG,
  TEN_DOI_THUA,
  TI_SO,
  TRAN_DAU_ID_TRAN_DAU,
  TRAN_DAU_DOI_BONG_ID_DOI_BONG_1,
  TRAN_DAU_DOI_BONG_ID_DOI_BONG_2,
  TRAN_DAU_GIAI_DAU_ID_GIAI_DAU
) VALUES (
  'Wigan Athletic',
  'Stoke City',
  '2-2',
  25,
  118,
  113,
  3
);

INSERT INTO "KET_QUA_TRAN_DAU" (
  TEN_DOI_THANG,
  TEN_DOI_THUA,
  TI_SO,
  TRAN_DAU_ID_TRAN_DAU,
  TRAN_DAU_DOI_BONG_ID_DOI_BONG_1,
  TRAN_DAU_DOI_BONG_ID_DOI_BONG_2,
  TRAN_DAU_GIAI_DAU_ID_GIAI_DAU
) VALUES (
  'Manchester City',
  'Queens Park Rangers',
  '3-1',
  26,
  102,
  120,
  3
);

SELECT
  *
FROM
  KET_QUA_TRAN_DAU;

-- LOAI BAN THANG
INSERT INTO "LOAI_BAN_THANG" (
  ID_LOAI_BAN_THANG,
  TEN_LBT
) VALUES (
  1,
  'A'
);

INSERT INTO "LOAI_BAN_THANG" (
  ID_LOAI_BAN_THANG,
  TEN_LBT
) VALUES (
  2,
  'A'
);

INSERT INTO "LOAI_BAN_THANG" (
  ID_LOAI_BAN_THANG,
  TEN_LBT
) VALUES (
  3,
  'A'
);

INSERT INTO "LOAI_BAN_THANG" (
  ID_LOAI_BAN_THANG,
  TEN_LBT
) VALUES (
  4,
  'A'
);

INSERT INTO "LOAI_BAN_THANG" (
  ID_LOAI_BAN_THANG,
  TEN_LBT
) VALUES (
  5,
  'A'
);

INSERT INTO "LOAI_BAN_THANG" (
  ID_LOAI_BAN_THANG,
  TEN_LBT
) VALUES (
  6,
  'A'
);

INSERT INTO "LOAI_BAN_THANG" (
  ID_LOAI_BAN_THANG,
  TEN_LBT
) VALUES (
  7,
  'A'
);

INSERT INTO "LOAI_BAN_THANG" (
  ID_LOAI_BAN_THANG,
  TEN_LBT
) VALUES (
  8,
  'A'
);

INSERT INTO "LOAI_BAN_THANG" (
  ID_LOAI_BAN_THANG,
  TEN_LBT
) VALUES (
  9,
  'A'
);

INSERT INTO "LOAI_BAN_THANG" (
  ID_LOAI_BAN_THANG,
  TEN_LBT
) VALUES (
  10,
  'B'
);

INSERT INTO "LOAI_BAN_THANG" (
  ID_LOAI_BAN_THANG,
  TEN_LBT
) VALUES (
  11,
  'B'
);

INSERT INTO "LOAI_BAN_THANG" (
  ID_LOAI_BAN_THANG,
  TEN_LBT
) VALUES (
  12,
  'B'
);

INSERT INTO "LOAI_BAN_THANG" (
  ID_LOAI_BAN_THANG,
  TEN_LBT
) VALUES (
  13,
  'B'
);

INSERT INTO "LOAI_BAN_THANG" (
  ID_LOAI_BAN_THANG,
  TEN_LBT
) VALUES (
  14,
  'B'
);

INSERT INTO "LOAI_BAN_THANG" (
  ID_LOAI_BAN_THANG,
  TEN_LBT
) VALUES (
  15,
  'B'
);

INSERT INTO "LOAI_BAN_THANG" (
  ID_LOAI_BAN_THANG,
  TEN_LBT
) VALUES (
  16,
  'B'
);

INSERT INTO "LOAI_BAN_THANG" (
  ID_LOAI_BAN_THANG,
  TEN_LBT
) VALUES (
  17,
  'B'
);

INSERT INTO "LOAI_BAN_THANG" (
  ID_LOAI_BAN_THANG,
  TEN_LBT
) VALUES (
  18,
  'B'
);

INSERT INTO "LOAI_BAN_THANG" (
  ID_LOAI_BAN_THANG,
  TEN_LBT
) VALUES (
  19,
  'B'
);

INSERT INTO "LOAI_BAN_THANG" (
  ID_LOAI_BAN_THANG,
  TEN_LBT
) VALUES (
  20,
  'C'
);

INSERT INTO "LOAI_BAN_THANG" (
  ID_LOAI_BAN_THANG,
  TEN_LBT
) VALUES (
  21,
  'C'
);

INSERT INTO "LOAI_BAN_THANG" (
  ID_LOAI_BAN_THANG,
  TEN_LBT
) VALUES (
  22,
  'C'
);

INSERT INTO "LOAI_BAN_THANG" (
  ID_LOAI_BAN_THANG,
  TEN_LBT
) VALUES (
  23,
  'C'
);

INSERT INTO "LOAI_BAN_THANG" (
  ID_LOAI_BAN_THANG,
  TEN_LBT
) VALUES (
  24,
  'C'
);

INSERT INTO "LOAI_BAN_THANG" (
  ID_LOAI_BAN_THANG,
  TEN_LBT
) VALUES (
  25,
  'C'
);

INSERT INTO "LOAI_BAN_THANG" (
  ID_LOAI_BAN_THANG,
  TEN_LBT
) VALUES (
  26,
  'C'
);

INSERT INTO "LOAI_BAN_THANG" (
  ID_LOAI_BAN_THANG,
  TEN_LBT
) VALUES (
  27,
  'C'
);

INSERT INTO "LOAI_BAN_THANG" (
  ID_LOAI_BAN_THANG,
  TEN_LBT
) VALUES (
  28,
  'A'
);

INSERT INTO "LOAI_BAN_THANG" (
  ID_LOAI_BAN_THANG,
  TEN_LBT
) VALUES (
  29,
  'A'
);

INSERT INTO "LOAI_BAN_THANG" (
  ID_LOAI_BAN_THANG,
  TEN_LBT
) VALUES (
  30,
  'A'
);

INSERT INTO "LOAI_BAN_THANG" (
  ID_LOAI_BAN_THANG,
  TEN_LBT
) VALUES (
  31,
  'A'
);

INSERT INTO "LOAI_BAN_THANG" (
  ID_LOAI_BAN_THANG,
  TEN_LBT
) VALUES (
  32,
  'A'
);

INSERT INTO "LOAI_BAN_THANG" (
  ID_LOAI_BAN_THANG,
  TEN_LBT
) VALUES (
  33,
  'A'
);

INSERT INTO "LOAI_BAN_THANG" (
  ID_LOAI_BAN_THANG,
  TEN_LBT
) VALUES (
  34,
  'A'
);

INSERT INTO "LOAI_BAN_THANG" (
  ID_LOAI_BAN_THANG,
  TEN_LBT
) VALUES (
  35,
  'A'
);

INSERT INTO "LOAI_BAN_THANG" (
  ID_LOAI_BAN_THANG,
  TEN_LBT
) VALUES (
  36,
  'A'
);

INSERT INTO "LOAI_BAN_THANG" (
  ID_LOAI_BAN_THANG,
  TEN_LBT
) VALUES (
  37,
  'A'
);

INSERT INTO "LOAI_BAN_THANG" (
  ID_LOAI_BAN_THANG,
  TEN_LBT
) VALUES (
  38,
  'A'
);

INSERT INTO "LOAI_BAN_THANG" (
  ID_LOAI_BAN_THANG,
  TEN_LBT
) VALUES (
  39,
  'A'
);

INSERT INTO "LOAI_BAN_THANG" (
  ID_LOAI_BAN_THANG,
  TEN_LBT
) VALUES (
  40,
  'A'
);

INSERT INTO "LOAI_BAN_THANG" (
  ID_LOAI_BAN_THANG,
  TEN_LBT
) VALUES (
  41,
  'A'
);

INSERT INTO "LOAI_BAN_THANG" (
  ID_LOAI_BAN_THANG,
  TEN_LBT
) VALUES (
  42,
  'A'
);

INSERT INTO "LOAI_BAN_THANG" (
  ID_LOAI_BAN_THANG,
  TEN_LBT
) VALUES (
  43,
  'B'
);

INSERT INTO "LOAI_BAN_THANG" (
  ID_LOAI_BAN_THANG,
  TEN_LBT
) VALUES (
  44,
  'B'
);

INSERT INTO "LOAI_BAN_THANG" (
  ID_LOAI_BAN_THANG,
  TEN_LBT
) VALUES (
  45,
  'B'
);

INSERT INTO "LOAI_BAN_THANG" (
  ID_LOAI_BAN_THANG,
  TEN_LBT
) VALUES (
  46,
  'B'
);

INSERT INTO "LOAI_BAN_THANG" (
  ID_LOAI_BAN_THANG,
  TEN_LBT
) VALUES (
  47,
  'B'
);

INSERT INTO "LOAI_BAN_THANG" (
  ID_LOAI_BAN_THANG,
  TEN_LBT
) VALUES (
  48,
  'B'
);

INSERT INTO "LOAI_BAN_THANG" (
  ID_LOAI_BAN_THANG,
  TEN_LBT
) VALUES (
  49,
  'B'
);

INSERT INTO "LOAI_BAN_THANG" (
  ID_LOAI_BAN_THANG,
  TEN_LBT
) VALUES (
  50,
  'B'
);

INSERT INTO "LOAI_BAN_THANG" (
  ID_LOAI_BAN_THANG,
  TEN_LBT
) VALUES (
  51,
  'B'
);

INSERT INTO "LOAI_BAN_THANG" (
  ID_LOAI_BAN_THANG,
  TEN_LBT
) VALUES (
  52,
  'B'
);

INSERT INTO "LOAI_BAN_THANG" (
  ID_LOAI_BAN_THANG,
  TEN_LBT
) VALUES (
  53,
  'B'
);

INSERT INTO "LOAI_BAN_THANG" (
  ID_LOAI_BAN_THANG,
  TEN_LBT
) VALUES (
  54,
  'B'
);

INSERT INTO "LOAI_BAN_THANG" (
  ID_LOAI_BAN_THANG,
  TEN_LBT
) VALUES (
  55,
  'B'
);

INSERT INTO "LOAI_BAN_THANG" (
  ID_LOAI_BAN_THANG,
  TEN_LBT
) VALUES (
  56,
  'B'
);

INSERT INTO "LOAI_BAN_THANG" (
  ID_LOAI_BAN_THANG,
  TEN_LBT
) VALUES (
  57,
  'B'
);

INSERT INTO "LOAI_BAN_THANG" (
  ID_LOAI_BAN_THANG,
  TEN_LBT
) VALUES (
  58,
  'A'
);

INSERT INTO "LOAI_BAN_THANG" (
  ID_LOAI_BAN_THANG,
  TEN_LBT
) VALUES (
  59,
  'A'
);

INSERT INTO "LOAI_BAN_THANG" (
  ID_LOAI_BAN_THANG,
  TEN_LBT
) VALUES (
  60,
  'A'
);

INSERT INTO "LOAI_BAN_THANG" (
  ID_LOAI_BAN_THANG,
  TEN_LBT
) VALUES (
  61,
  'A'
);

INSERT INTO "LOAI_BAN_THANG" (
  ID_LOAI_BAN_THANG,
  TEN_LBT
) VALUES (
  62,
  'A'
);

INSERT INTO "LOAI_BAN_THANG" (
  ID_LOAI_BAN_THANG,
  TEN_LBT
) VALUES (
  63,
  'A'
);

INSERT INTO "LOAI_BAN_THANG" (
  ID_LOAI_BAN_THANG,
  TEN_LBT
) VALUES (
  64,
  'A'
);

INSERT INTO "LOAI_BAN_THANG" (
  ID_LOAI_BAN_THANG,
  TEN_LBT
) VALUES (
  65,
  'B'
);

INSERT INTO "LOAI_BAN_THANG" (
  ID_LOAI_BAN_THANG,
  TEN_LBT
) VALUES (
  66,
  'B'
);

INSERT INTO "LOAI_BAN_THANG" (
  ID_LOAI_BAN_THANG,
  TEN_LBT
) VALUES (
  67,
  'B'
);

INSERT INTO "LOAI_BAN_THANG" (
  ID_LOAI_BAN_THANG,
  TEN_LBT
) VALUES (
  68,
  'B'
);

INSERT INTO "LOAI_BAN_THANG" (
  ID_LOAI_BAN_THANG,
  TEN_LBT
) VALUES (
  69,
  'B'
);

INSERT INTO "LOAI_BAN_THANG" (
  ID_LOAI_BAN_THANG,
  TEN_LBT
) VALUES (
  70,
  'C'
);

INSERT INTO "LOAI_BAN_THANG" (
  ID_LOAI_BAN_THANG,
  TEN_LBT
) VALUES (
  71,
  'C'
);

INSERT INTO "LOAI_BAN_THANG" (
  ID_LOAI_BAN_THANG,
  TEN_LBT
) VALUES (
  72,
  'C'
);

INSERT INTO "LOAI_BAN_THANG" (
  ID_LOAI_BAN_THANG,
  TEN_LBT
) VALUES (
  73,
  'C'
);

INSERT INTO "LOAI_BAN_THANG" (
  ID_LOAI_BAN_THANG,
  TEN_LBT
) VALUES (
  74,
  'C'
);

INSERT INTO "LOAI_BAN_THANG" (
  ID_LOAI_BAN_THANG,
  TEN_LBT
) VALUES (
  75,
  'C'
);

INSERT INTO "LOAI_BAN_THANG" (
  ID_LOAI_BAN_THANG,
  TEN_LBT
) VALUES (
  76,
  'C'
);

SELECT
  *
FROM
  LOAI_BAN_THANG;

-- GHI BAN
INSERT INTO "GHI_BAN" (
  ID_GHI_BAN,
  KET_QUA_TRAN_DAU_TRAN_DAU_ID_TRAN_DAU,
  THOI_DIEM,
  CAU_THU_ID_CAU_THU,
  LOAI_BAN_THANG_ID_LOAI_BAN_THANG
) VALUES (
  1,
  1,
  50,
  1100,
  1
);

INSERT INTO "GHI_BAN" (
  ID_GHI_BAN,
  KET_QUA_TRAN_DAU_TRAN_DAU_ID_TRAN_DAU,
  THOI_DIEM,
  CAU_THU_ID_CAU_THU,
  LOAI_BAN_THANG_ID_LOAI_BAN_THANG
) VALUES (
  2,
  1,
  48,
  1106,
  2
);

INSERT INTO "GHI_BAN" (
  ID_GHI_BAN,
  KET_QUA_TRAN_DAU_TRAN_DAU_ID_TRAN_DAU,
  THOI_DIEM,
  CAU_THU_ID_CAU_THU,
  LOAI_BAN_THANG_ID_LOAI_BAN_THANG
) VALUES (
  3,
  1,
  72,
  1100,
  3
);

INSERT INTO "GHI_BAN" (
  ID_GHI_BAN,
  KET_QUA_TRAN_DAU_TRAN_DAU_ID_TRAN_DAU,
  THOI_DIEM,
  CAU_THU_ID_CAU_THU,
  LOAI_BAN_THANG_ID_LOAI_BAN_THANG
) VALUES (
  4,
  1,
  64,
  1106,
  4
);

INSERT INTO "GHI_BAN" (
  ID_GHI_BAN,
  KET_QUA_TRAN_DAU_TRAN_DAU_ID_TRAN_DAU,
  THOI_DIEM,
  CAU_THU_ID_CAU_THU,
  LOAI_BAN_THANG_ID_LOAI_BAN_THANG
) VALUES (
  5,
  1,
  52,
  1089,
  5
);

INSERT INTO "GHI_BAN" (
  ID_GHI_BAN,
  KET_QUA_TRAN_DAU_TRAN_DAU_ID_TRAN_DAU,
  THOI_DIEM,
  CAU_THU_ID_CAU_THU,
  LOAI_BAN_THANG_ID_LOAI_BAN_THANG
) VALUES (
  6,
  2,
  7,
  1358,
  6
);

INSERT INTO "GHI_BAN" (
  ID_GHI_BAN,
  KET_QUA_TRAN_DAU_TRAN_DAU_ID_TRAN_DAU,
  THOI_DIEM,
  CAU_THU_ID_CAU_THU,
  LOAI_BAN_THANG_ID_LOAI_BAN_THANG
) VALUES (
  7,
  2,
  37,
  1358,
  7
);

INSERT INTO "GHI_BAN" (
  ID_GHI_BAN,
  KET_QUA_TRAN_DAU_TRAN_DAU_ID_TRAN_DAU,
  THOI_DIEM,
  CAU_THU_ID_CAU_THU,
  LOAI_BAN_THANG_ID_LOAI_BAN_THANG
) VALUES (
  8,
  2,
  48,
  1357,
  8
);

INSERT INTO "GHI_BAN" (
  ID_GHI_BAN,
  KET_QUA_TRAN_DAU_TRAN_DAU_ID_TRAN_DAU,
  THOI_DIEM,
  CAU_THU_ID_CAU_THU,
  LOAI_BAN_THANG_ID_LOAI_BAN_THANG
) VALUES (
  9,
  2,
  37,
  1357,
  9
);

INSERT INTO "GHI_BAN" (
  ID_GHI_BAN,
  KET_QUA_TRAN_DAU_TRAN_DAU_ID_TRAN_DAU,
  THOI_DIEM,
  CAU_THU_ID_CAU_THU,
  LOAI_BAN_THANG_ID_LOAI_BAN_THANG
) VALUES (
  10,
  2,
  21,
  1350,
  10
);

INSERT INTO "GHI_BAN" (
  ID_GHI_BAN,
  KET_QUA_TRAN_DAU_TRAN_DAU_ID_TRAN_DAU,
  THOI_DIEM,
  CAU_THU_ID_CAU_THU,
  LOAI_BAN_THANG_ID_LOAI_BAN_THANG
) VALUES (
  11,
  3,
  87,
  1266,
  11
);

INSERT INTO "GHI_BAN" (
  ID_GHI_BAN,
  KET_QUA_TRAN_DAU_TRAN_DAU_ID_TRAN_DAU,
  THOI_DIEM,
  CAU_THU_ID_CAU_THU,
  LOAI_BAN_THANG_ID_LOAI_BAN_THANG
) VALUES (
  12,
  3,
  62,
  1299,
  12
);

INSERT INTO "GHI_BAN" (
  ID_GHI_BAN,
  KET_QUA_TRAN_DAU_TRAN_DAU_ID_TRAN_DAU,
  THOI_DIEM,
  CAU_THU_ID_CAU_THU,
  LOAI_BAN_THANG_ID_LOAI_BAN_THANG
) VALUES (
  13,
  4,
  83,
  1408,
  13
);

INSERT INTO "GHI_BAN" (
  ID_GHI_BAN,
  KET_QUA_TRAN_DAU_TRAN_DAU_ID_TRAN_DAU,
  THOI_DIEM,
  CAU_THU_ID_CAU_THU,
  LOAI_BAN_THANG_ID_LOAI_BAN_THANG
) VALUES (
  14,
  4,
  89,
  1408,
  14
);

INSERT INTO "GHI_BAN" (
  ID_GHI_BAN,
  KET_QUA_TRAN_DAU_TRAN_DAU_ID_TRAN_DAU,
  THOI_DIEM,
  CAU_THU_ID_CAU_THU,
  LOAI_BAN_THANG_ID_LOAI_BAN_THANG
) VALUES (
  15,
  4,
  75,
  1408,
  15
);

INSERT INTO "GHI_BAN" (
  ID_GHI_BAN,
  KET_QUA_TRAN_DAU_TRAN_DAU_ID_TRAN_DAU,
  THOI_DIEM,
  CAU_THU_ID_CAU_THU,
  LOAI_BAN_THANG_ID_LOAI_BAN_THANG
) VALUES (
  16,
  5,
  20,
  1416,
  16
);

INSERT INTO "GHI_BAN" (
  ID_GHI_BAN,
  KET_QUA_TRAN_DAU_TRAN_DAU_ID_TRAN_DAU,
  THOI_DIEM,
  CAU_THU_ID_CAU_THU,
  LOAI_BAN_THANG_ID_LOAI_BAN_THANG
) VALUES (
  17,
  7,
  71,
  1184,
  17
);

INSERT INTO "GHI_BAN" (
  ID_GHI_BAN,
  KET_QUA_TRAN_DAU_TRAN_DAU_ID_TRAN_DAU,
  THOI_DIEM,
  CAU_THU_ID_CAU_THU,
  LOAI_BAN_THANG_ID_LOAI_BAN_THANG
) VALUES (
  18,
  7,
  18,
  1175,
  18
);

INSERT INTO "GHI_BAN" (
  ID_GHI_BAN,
  KET_QUA_TRAN_DAU_TRAN_DAU_ID_TRAN_DAU,
  THOI_DIEM,
  CAU_THU_ID_CAU_THU,
  LOAI_BAN_THANG_ID_LOAI_BAN_THANG
) VALUES (
  19,
  7,
  24,
  1382,
  19
);

INSERT INTO "GHI_BAN" (
  ID_GHI_BAN,
  KET_QUA_TRAN_DAU_TRAN_DAU_ID_TRAN_DAU,
  THOI_DIEM,
  CAU_THU_ID_CAU_THU,
  LOAI_BAN_THANG_ID_LOAI_BAN_THANG
) VALUES (
  20,
  8,
  4,
  1068,
  20
);

INSERT INTO "GHI_BAN" (
  ID_GHI_BAN,
  KET_QUA_TRAN_DAU_TRAN_DAU_ID_TRAN_DAU,
  THOI_DIEM,
  CAU_THU_ID_CAU_THU,
  LOAI_BAN_THANG_ID_LOAI_BAN_THANG
) VALUES (
  21,
  8,
  21,
  1057,
  21
);

INSERT INTO "GHI_BAN" (
  ID_GHI_BAN,
  KET_QUA_TRAN_DAU_TRAN_DAU_ID_TRAN_DAU,
  THOI_DIEM,
  CAU_THU_ID_CAU_THU,
  LOAI_BAN_THANG_ID_LOAI_BAN_THANG
) VALUES (
  22,
  9,
  29,
  1134,
  22
);

INSERT INTO "GHI_BAN" (
  ID_GHI_BAN,
  KET_QUA_TRAN_DAU_TRAN_DAU_ID_TRAN_DAU,
  THOI_DIEM,
  CAU_THU_ID_CAU_THU,
  LOAI_BAN_THANG_ID_LOAI_BAN_THANG
) VALUES (
  23,
  9,
  82,
  1133,
  23
);

INSERT INTO "GHI_BAN" (
  ID_GHI_BAN,
  KET_QUA_TRAN_DAU_TRAN_DAU_ID_TRAN_DAU,
  THOI_DIEM,
  CAU_THU_ID_CAU_THU,
  LOAI_BAN_THANG_ID_LOAI_BAN_THANG
) VALUES (
  24,
  9,
  56,
  1133,
  24
);

INSERT INTO "GHI_BAN" (
  ID_GHI_BAN,
  KET_QUA_TRAN_DAU_TRAN_DAU_ID_TRAN_DAU,
  THOI_DIEM,
  CAU_THU_ID_CAU_THU,
  LOAI_BAN_THANG_ID_LOAI_BAN_THANG
) VALUES (
  25,
  9,
  79,
  1279,
  25
);

INSERT INTO "GHI_BAN" (
  ID_GHI_BAN,
  KET_QUA_TRAN_DAU_TRAN_DAU_ID_TRAN_DAU,
  THOI_DIEM,
  CAU_THU_ID_CAU_THU,
  LOAI_BAN_THANG_ID_LOAI_BAN_THANG
) VALUES (
  26,
  9,
  13,
  1294,
  26
);

INSERT INTO "GHI_BAN" (
  ID_GHI_BAN,
  KET_QUA_TRAN_DAU_TRAN_DAU_ID_TRAN_DAU,
  THOI_DIEM,
  CAU_THU_ID_CAU_THU,
  LOAI_BAN_THANG_ID_LOAI_BAN_THANG
) VALUES (
  27,
  10,
  23,
  1072,
  27
);

INSERT INTO "GHI_BAN" (
  ID_GHI_BAN,
  KET_QUA_TRAN_DAU_TRAN_DAU_ID_TRAN_DAU,
  THOI_DIEM,
  CAU_THU_ID_CAU_THU,
  LOAI_BAN_THANG_ID_LOAI_BAN_THANG
) VALUES (
  28,
  11,
  12,
  1050,
  28
);

INSERT INTO "GHI_BAN" (
  ID_GHI_BAN,
  KET_QUA_TRAN_DAU_TRAN_DAU_ID_TRAN_DAU,
  THOI_DIEM,
  CAU_THU_ID_CAU_THU,
  LOAI_BAN_THANG_ID_LOAI_BAN_THANG
) VALUES (
  29,
  11,
  76,
  1062,
  29
);

INSERT INTO "GHI_BAN" (
  ID_GHI_BAN,
  KET_QUA_TRAN_DAU_TRAN_DAU_ID_TRAN_DAU,
  THOI_DIEM,
  CAU_THU_ID_CAU_THU,
  LOAI_BAN_THANG_ID_LOAI_BAN_THANG
) VALUES (
  30,
  11,
  41,
  1052,
  30
);

INSERT INTO "GHI_BAN" (
  ID_GHI_BAN,
  KET_QUA_TRAN_DAU_TRAN_DAU_ID_TRAN_DAU,
  THOI_DIEM,
  CAU_THU_ID_CAU_THU,
  LOAI_BAN_THANG_ID_LOAI_BAN_THANG
) VALUES (
  31,
  11,
  42,
  1061,
  31
);

INSERT INTO "GHI_BAN" (
  ID_GHI_BAN,
  KET_QUA_TRAN_DAU_TRAN_DAU_ID_TRAN_DAU,
  THOI_DIEM,
  CAU_THU_ID_CAU_THU,
  LOAI_BAN_THANG_ID_LOAI_BAN_THANG
) VALUES (
  32,
  11,
  63,
  1266,
  32
);

INSERT INTO "GHI_BAN" (
  ID_GHI_BAN,
  KET_QUA_TRAN_DAU_TRAN_DAU_ID_TRAN_DAU,
  THOI_DIEM,
  CAU_THU_ID_CAU_THU,
  LOAI_BAN_THANG_ID_LOAI_BAN_THANG
) VALUES (
  33,
  11,
  17,
  1266,
  33
);

INSERT INTO "GHI_BAN" (
  ID_GHI_BAN,
  KET_QUA_TRAN_DAU_TRAN_DAU_ID_TRAN_DAU,
  THOI_DIEM,
  CAU_THU_ID_CAU_THU,
  LOAI_BAN_THANG_ID_LOAI_BAN_THANG
) VALUES (
  34,
  12,
  64,
  1342,
  34
);

INSERT INTO "GHI_BAN" (
  ID_GHI_BAN,
  KET_QUA_TRAN_DAU_TRAN_DAU_ID_TRAN_DAU,
  THOI_DIEM,
  CAU_THU_ID_CAU_THU,
  LOAI_BAN_THANG_ID_LOAI_BAN_THANG
) VALUES (
  35,
  12,
  36,
  1358,
  35
);

INSERT INTO "GHI_BAN" (
  ID_GHI_BAN,
  KET_QUA_TRAN_DAU_TRAN_DAU_ID_TRAN_DAU,
  THOI_DIEM,
  CAU_THU_ID_CAU_THU,
  LOAI_BAN_THANG_ID_LOAI_BAN_THANG
) VALUES (
  36,
  12,
  15,
  1342,
  36
);

INSERT INTO "GHI_BAN" (
  ID_GHI_BAN,
  KET_QUA_TRAN_DAU_TRAN_DAU_ID_TRAN_DAU,
  THOI_DIEM,
  CAU_THU_ID_CAU_THU,
  LOAI_BAN_THANG_ID_LOAI_BAN_THANG
) VALUES (
  37,
  13,
  15,
  1027,
  37
);

INSERT INTO "GHI_BAN" (
  ID_GHI_BAN,
  KET_QUA_TRAN_DAU_TRAN_DAU_ID_TRAN_DAU,
  THOI_DIEM,
  CAU_THU_ID_CAU_THU,
  LOAI_BAN_THANG_ID_LOAI_BAN_THANG
) VALUES (
  38,
  13,
  31,
  1069,
  38
);

INSERT INTO "GHI_BAN" (
  ID_GHI_BAN,
  KET_QUA_TRAN_DAU_TRAN_DAU_ID_TRAN_DAU,
  THOI_DIEM,
  CAU_THU_ID_CAU_THU,
  LOAI_BAN_THANG_ID_LOAI_BAN_THANG
) VALUES (
  39,
  13,
  66,
  1072,
  39
);

INSERT INTO "GHI_BAN" (
  ID_GHI_BAN,
  KET_QUA_TRAN_DAU_TRAN_DAU_ID_TRAN_DAU,
  THOI_DIEM,
  CAU_THU_ID_CAU_THU,
  LOAI_BAN_THANG_ID_LOAI_BAN_THANG
) VALUES (
  40,
  13,
  52,
  1081,
  40
);

INSERT INTO "GHI_BAN" (
  ID_GHI_BAN,
  KET_QUA_TRAN_DAU_TRAN_DAU_ID_TRAN_DAU,
  THOI_DIEM,
  CAU_THU_ID_CAU_THU,
  LOAI_BAN_THANG_ID_LOAI_BAN_THANG
) VALUES (
  41,
  14,
  77,
  1171,
  41
);

INSERT INTO "GHI_BAN" (
  ID_GHI_BAN,
  KET_QUA_TRAN_DAU_TRAN_DAU_ID_TRAN_DAU,
  THOI_DIEM,
  CAU_THU_ID_CAU_THU,
  LOAI_BAN_THANG_ID_LOAI_BAN_THANG
) VALUES (
  42,
  14,
  5,
  1171,
  42
);

INSERT INTO "GHI_BAN" (
  ID_GHI_BAN,
  KET_QUA_TRAN_DAU_TRAN_DAU_ID_TRAN_DAU,
  THOI_DIEM,
  CAU_THU_ID_CAU_THU,
  LOAI_BAN_THANG_ID_LOAI_BAN_THANG
) VALUES (
  43,
  14,
  78,
  1158,
  43
);

INSERT INTO "GHI_BAN" (
  ID_GHI_BAN,
  KET_QUA_TRAN_DAU_TRAN_DAU_ID_TRAN_DAU,
  THOI_DIEM,
  CAU_THU_ID_CAU_THU,
  LOAI_BAN_THANG_ID_LOAI_BAN_THANG
) VALUES (
  44,
  14,
  20,
  1094,
  44
);

INSERT INTO "GHI_BAN" (
  ID_GHI_BAN,
  KET_QUA_TRAN_DAU_TRAN_DAU_ID_TRAN_DAU,
  THOI_DIEM,
  CAU_THU_ID_CAU_THU,
  LOAI_BAN_THANG_ID_LOAI_BAN_THANG
) VALUES (
  45,
  14,
  18,
  1099,
  45
);

INSERT INTO "GHI_BAN" (
  ID_GHI_BAN,
  KET_QUA_TRAN_DAU_TRAN_DAU_ID_TRAN_DAU,
  THOI_DIEM,
  CAU_THU_ID_CAU_THU,
  LOAI_BAN_THANG_ID_LOAI_BAN_THANG
) VALUES (
  46,
  15,
  66,
  1201,
  46
);

INSERT INTO "GHI_BAN" (
  ID_GHI_BAN,
  KET_QUA_TRAN_DAU_TRAN_DAU_ID_TRAN_DAU,
  THOI_DIEM,
  CAU_THU_ID_CAU_THU,
  LOAI_BAN_THANG_ID_LOAI_BAN_THANG
) VALUES (
  47,
  15,
  9,
  1237,
  47
);

INSERT INTO "GHI_BAN" (
  ID_GHI_BAN,
  KET_QUA_TRAN_DAU_TRAN_DAU_ID_TRAN_DAU,
  THOI_DIEM,
  CAU_THU_ID_CAU_THU,
  LOAI_BAN_THANG_ID_LOAI_BAN_THANG
) VALUES (
  48,
  16,
  12,
  1452,
  48
);

INSERT INTO "GHI_BAN" (
  ID_GHI_BAN,
  KET_QUA_TRAN_DAU_TRAN_DAU_ID_TRAN_DAU,
  THOI_DIEM,
  CAU_THU_ID_CAU_THU,
  LOAI_BAN_THANG_ID_LOAI_BAN_THANG
) VALUES (
  49,
  16,
  42,
  1437,
  49
);

INSERT INTO "GHI_BAN" (
  ID_GHI_BAN,
  KET_QUA_TRAN_DAU_TRAN_DAU_ID_TRAN_DAU,
  THOI_DIEM,
  CAU_THU_ID_CAU_THU,
  LOAI_BAN_THANG_ID_LOAI_BAN_THANG
) VALUES (
  50,
  17,
  86,
  1365,
  50
);

INSERT INTO "GHI_BAN" (
  ID_GHI_BAN,
  KET_QUA_TRAN_DAU_TRAN_DAU_ID_TRAN_DAU,
  THOI_DIEM,
  CAU_THU_ID_CAU_THU,
  LOAI_BAN_THANG_ID_LOAI_BAN_THANG
) VALUES (
  51,
  17,
  49,
  1393,
  51
);

INSERT INTO "GHI_BAN" (
  ID_GHI_BAN,
  KET_QUA_TRAN_DAU_TRAN_DAU_ID_TRAN_DAU,
  THOI_DIEM,
  CAU_THU_ID_CAU_THU,
  LOAI_BAN_THANG_ID_LOAI_BAN_THANG
) VALUES (
  52,
  18,
  57,
  1068,
  52
);

INSERT INTO "GHI_BAN" (
  ID_GHI_BAN,
  KET_QUA_TRAN_DAU_TRAN_DAU_ID_TRAN_DAU,
  THOI_DIEM,
  CAU_THU_ID_CAU_THU,
  LOAI_BAN_THANG_ID_LOAI_BAN_THANG
) VALUES (
  53,
  18,
  61,
  1068,
  53
);

INSERT INTO "GHI_BAN" (
  ID_GHI_BAN,
  KET_QUA_TRAN_DAU_TRAN_DAU_ID_TRAN_DAU,
  THOI_DIEM,
  CAU_THU_ID_CAU_THU,
  LOAI_BAN_THANG_ID_LOAI_BAN_THANG
) VALUES (
  54,
  20,
  84,
  1118,
  54
);

INSERT INTO "GHI_BAN" (
  ID_GHI_BAN,
  KET_QUA_TRAN_DAU_TRAN_DAU_ID_TRAN_DAU,
  THOI_DIEM,
  CAU_THU_ID_CAU_THU,
  LOAI_BAN_THANG_ID_LOAI_BAN_THANG
) VALUES (
  55,
  20,
  81,
  1111,
  55
);

INSERT INTO "GHI_BAN" (
  ID_GHI_BAN,
  KET_QUA_TRAN_DAU_TRAN_DAU_ID_TRAN_DAU,
  THOI_DIEM,
  CAU_THU_ID_CAU_THU,
  LOAI_BAN_THANG_ID_LOAI_BAN_THANG
) VALUES (
  56,
  20,
  45,
  1133,
  56
);

INSERT INTO "GHI_BAN" (
  ID_GHI_BAN,
  KET_QUA_TRAN_DAU_TRAN_DAU_ID_TRAN_DAU,
  THOI_DIEM,
  CAU_THU_ID_CAU_THU,
  LOAI_BAN_THANG_ID_LOAI_BAN_THANG
) VALUES (
  57,
  20,
  16,
  1133,
  57
);

INSERT INTO "GHI_BAN" (
  ID_GHI_BAN,
  KET_QUA_TRAN_DAU_TRAN_DAU_ID_TRAN_DAU,
  THOI_DIEM,
  CAU_THU_ID_CAU_THU,
  LOAI_BAN_THANG_ID_LOAI_BAN_THANG
) VALUES (
  58,
  21,
  32,
  1427,
  58
);

INSERT INTO "GHI_BAN" (
  ID_GHI_BAN,
  KET_QUA_TRAN_DAU_TRAN_DAU_ID_TRAN_DAU,
  THOI_DIEM,
  CAU_THU_ID_CAU_THU,
  LOAI_BAN_THANG_ID_LOAI_BAN_THANG
) VALUES (
  59,
  21,
  11,
  1430,
  59
);

INSERT INTO "GHI_BAN" (
  ID_GHI_BAN,
  KET_QUA_TRAN_DAU_TRAN_DAU_ID_TRAN_DAU,
  THOI_DIEM,
  CAU_THU_ID_CAU_THU,
  LOAI_BAN_THANG_ID_LOAI_BAN_THANG
) VALUES (
  60,
  21,
  38,
  1428,
  60
);

INSERT INTO "GHI_BAN" (
  ID_GHI_BAN,
  KET_QUA_TRAN_DAU_TRAN_DAU_ID_TRAN_DAU,
  THOI_DIEM,
  CAU_THU_ID_CAU_THU,
  LOAI_BAN_THANG_ID_LOAI_BAN_THANG
) VALUES (
  61,
  22,
  49,
  1357,
  61
);

INSERT INTO "GHI_BAN" (
  ID_GHI_BAN,
  KET_QUA_TRAN_DAU_TRAN_DAU_ID_TRAN_DAU,
  THOI_DIEM,
  CAU_THU_ID_CAU_THU,
  LOAI_BAN_THANG_ID_LOAI_BAN_THANG
) VALUES (
  62,
  22,
  48,
  1356,
  62
);

INSERT INTO "GHI_BAN" (
  ID_GHI_BAN,
  KET_QUA_TRAN_DAU_TRAN_DAU_ID_TRAN_DAU,
  THOI_DIEM,
  CAU_THU_ID_CAU_THU,
  LOAI_BAN_THANG_ID_LOAI_BAN_THANG
) VALUES (
  63,
  22,
  89,
  1339,
  63
);

INSERT INTO "GHI_BAN" (
  ID_GHI_BAN,
  KET_QUA_TRAN_DAU_TRAN_DAU_ID_TRAN_DAU,
  THOI_DIEM,
  CAU_THU_ID_CAU_THU,
  LOAI_BAN_THANG_ID_LOAI_BAN_THANG
) VALUES (
  64,
  22,
  52,
  1331,
  64
);

INSERT INTO "GHI_BAN" (
  ID_GHI_BAN,
  KET_QUA_TRAN_DAU_TRAN_DAU_ID_TRAN_DAU,
  THOI_DIEM,
  CAU_THU_ID_CAU_THU,
  LOAI_BAN_THANG_ID_LOAI_BAN_THANG
) VALUES (
  65,
  23,
  18,
  1365,
  65
);

INSERT INTO "GHI_BAN" (
  ID_GHI_BAN,
  KET_QUA_TRAN_DAU_TRAN_DAU_ID_TRAN_DAU,
  THOI_DIEM,
  CAU_THU_ID_CAU_THU,
  LOAI_BAN_THANG_ID_LOAI_BAN_THANG
) VALUES (
  66,
  23,
  25,
  1221,
  66
);

INSERT INTO "GHI_BAN" (
  ID_GHI_BAN,
  KET_QUA_TRAN_DAU_TRAN_DAU_ID_TRAN_DAU,
  THOI_DIEM,
  CAU_THU_ID_CAU_THU,
  LOAI_BAN_THANG_ID_LOAI_BAN_THANG
) VALUES (
  67,
  24,
  3,
  1390,
  67
);

INSERT INTO "GHI_BAN" (
  ID_GHI_BAN,
  KET_QUA_TRAN_DAU_TRAN_DAU_ID_TRAN_DAU,
  THOI_DIEM,
  CAU_THU_ID_CAU_THU,
  LOAI_BAN_THANG_ID_LOAI_BAN_THANG
) VALUES (
  68,
  24,
  12,
  1393,
  68
);

INSERT INTO "GHI_BAN" (
  ID_GHI_BAN,
  KET_QUA_TRAN_DAU_TRAN_DAU_ID_TRAN_DAU,
  THOI_DIEM,
  CAU_THU_ID_CAU_THU,
  LOAI_BAN_THANG_ID_LOAI_BAN_THANG
) VALUES (
  69,
  25,
  44,
  1437,
  69
);

INSERT INTO "GHI_BAN" (
  ID_GHI_BAN,
  KET_QUA_TRAN_DAU_TRAN_DAU_ID_TRAN_DAU,
  THOI_DIEM,
  CAU_THU_ID_CAU_THU,
  LOAI_BAN_THANG_ID_LOAI_BAN_THANG
) VALUES (
  70,
  25,
  52,
  1442,
  70
);

INSERT INTO "GHI_BAN" (
  ID_GHI_BAN,
  KET_QUA_TRAN_DAU_TRAN_DAU_ID_TRAN_DAU,
  THOI_DIEM,
  CAU_THU_ID_CAU_THU,
  LOAI_BAN_THANG_ID_LOAI_BAN_THANG
) VALUES (
  71,
  25,
  78,
  1299,
  71
);

INSERT INTO "GHI_BAN" (
  ID_GHI_BAN,
  KET_QUA_TRAN_DAU_TRAN_DAU_ID_TRAN_DAU,
  THOI_DIEM,
  CAU_THU_ID_CAU_THU,
  LOAI_BAN_THANG_ID_LOAI_BAN_THANG
) VALUES (
  72,
  25,
  46,
  1298,
  72
);

INSERT INTO "GHI_BAN" (
  ID_GHI_BAN,
  KET_QUA_TRAN_DAU_TRAN_DAU_ID_TRAN_DAU,
  THOI_DIEM,
  CAU_THU_ID_CAU_THU,
  LOAI_BAN_THANG_ID_LOAI_BAN_THANG
) VALUES (
  73,
  26,
  43,
  1133,
  73
);

INSERT INTO "GHI_BAN" (
  ID_GHI_BAN,
  KET_QUA_TRAN_DAU_TRAN_DAU_ID_TRAN_DAU,
  THOI_DIEM,
  CAU_THU_ID_CAU_THU,
  LOAI_BAN_THANG_ID_LOAI_BAN_THANG
) VALUES (
  74,
  26,
  15,
  1133,
  74
);

INSERT INTO "GHI_BAN" (
  ID_GHI_BAN,
  KET_QUA_TRAN_DAU_TRAN_DAU_ID_TRAN_DAU,
  THOI_DIEM,
  CAU_THU_ID_CAU_THU,
  LOAI_BAN_THANG_ID_LOAI_BAN_THANG
) VALUES (
  75,
  26,
  8,
  1133,
  75
);

INSERT INTO "GHI_BAN" (
  ID_GHI_BAN,
  KET_QUA_TRAN_DAU_TRAN_DAU_ID_TRAN_DAU,
  THOI_DIEM,
  CAU_THU_ID_CAU_THU,
  LOAI_BAN_THANG_ID_LOAI_BAN_THANG
) VALUES (
  76,
  26,
  90,
  1245,
  76
);

SELECT
  *
FROM
  GHI_BAN;